コード,部位,ICD-10,性別,診断年,全年齢,0-4歳,5-9歳,10-14歳,15-19歳,20-24歳,25-29歳,30-34歳,35-39歳,40-44歳,45-49歳,50-54歳,55-59歳,60-64歳,65-69歳,70-74歳,75-79歳,80-84歳,85-89歳,90-94歳,95-99歳,100歳以上,不詳,85歳以上（再掲）,95歳以上（再掲）
1,全部位,C00-C96,総数,2016,995131 ,1005 ,546 ,593 ,971 ,1614 ,2873 ,5848 ,11142 ,21991 ,31557 ,39387 ,55205 ,88640 ,158417 ,152858 ,152886 ,134128 ,87315 ,37268 ,9502 ,1378 ,7 ,135463 ,10880 
1,全部位,C00-C96,総数,2017,977393 ,997 ,556 ,670 ,909 ,1525 ,2715 ,5493 ,10468 ,20879 ,31892 ,38378 ,52683 ,81830 ,150229 ,151787 ,155400 ,133505 ,87668 ,38796 ,9711 ,1297 ,5 ,137472 ,11008 
1,全部位,C00-C96,総数,2018,980856 ,896 ,538 ,660 ,954 ,1543 ,2782 ,5505 ,10026 ,19747 ,32044 ,39022 ,52725 ,78092 ,140018 ,159896 ,158389 ,134624 ,90865 ,40714 ,10517 ,1294 ,5 ,143390 ,11811 
1,全部位,C00-C96,総数,2019,999075 ,926 ,554 ,637 ,966 ,1621 ,2683 ,5290 ,10064 ,19515 ,33093 ,40076 ,52629 ,76966 ,130610 ,169623 ,168491 ,135354 ,93071 ,44261 ,11274 ,1370 ,1 ,149976 ,12644 
1,全部位,C00-C96,総数,2020,945055 ,886 ,549 ,645 ,865 ,1541 ,2637 ,5111 ,9401 ,17860 ,31042 ,38086 ,49965 ,70370 ,113267 ,167206 ,158783 ,128758 ,91831 ,43283 ,11605 ,1364 ,0 ,148083 ,12969 
1,全部位,C00-C96,男,2016,566574 ,568 ,321 ,322 ,506 ,738 ,1070 ,1776 ,3138 ,6058 ,9260 ,15725 ,28047 ,52602 ,101263 ,101152 ,98517 ,80852 ,46351 ,15247 ,2755 ,302 ,4 ,64655 ,3057 
1,全部位,C00-C96,男,2017,558869 ,538 ,318 ,356 ,422 ,682 ,987 ,1643 ,2882 ,5707 ,9632 ,15192 ,26611 ,48557 ,96415 ,100312 ,101044 ,81204 ,46919 ,16371 ,2802 ,272 ,3 ,66364 ,3074 
1,全部位,C00-C96,男,2018,558874 ,506 ,284 ,354 ,476 ,672 ,1038 ,1772 ,2867 ,5487 ,9631 ,15005 ,26466 ,45994 ,89439 ,105151 ,102665 ,81632 ,48744 ,17360 ,3042 ,284 ,5 ,69430 ,3326 
1,全部位,C00-C96,男,2019,566460 ,483 ,303 ,365 ,474 ,701 ,1014 ,1653 ,2915 ,5458 ,9647 ,15388 ,25924 ,44918 ,82845 ,110569 ,108710 ,81995 ,50163 ,19267 ,3335 ,333 ,0 ,73098 ,3668 
1,全部位,C00-C96,男,2020,534814 ,488 ,286 ,347 ,423 ,653 ,1029 ,1599 ,2621 ,4879 ,9263 ,14477 ,24415 ,40785 ,71452 ,109295 ,102637 ,78455 ,49194 ,18768 ,3471 ,277 ,0 ,71710 ,3748 
1,全部位,C00-C96,女,2016,428499 ,437 ,225 ,271 ,465 ,876 ,1803 ,4072 ,8002 ,15933 ,22296 ,23661 ,27157 ,36033 ,57148 ,51701 ,54356 ,53267 ,40953 ,22017 ,6747 ,1076 ,3 ,70793 ,7823 
1,全部位,C00-C96,女,2017,418510 ,459 ,238 ,314 ,487 ,843 ,1728 ,3850 ,7586 ,15172 ,22260 ,23186 ,26072 ,33273 ,53811 ,51473 ,54354 ,52301 ,40745 ,22423 ,6908 ,1025 ,2 ,71101 ,7933 
1,全部位,C00-C96,女,2018,421964 ,390 ,254 ,306 ,478 ,871 ,1744 ,3733 ,7159 ,14260 ,22413 ,24017 ,26258 ,32098 ,50577 ,54743 ,55724 ,52986 ,42117 ,23351 ,7475 ,1010 ,0 ,73953 ,8485 
1,全部位,C00-C96,女,2019,432607 ,443 ,251 ,272 ,492 ,920 ,1669 ,3637 ,7149 ,14057 ,23446 ,24688 ,26705 ,32048 ,47765 ,59051 ,59780 ,53356 ,42907 ,24994 ,7939 ,1037 ,1 ,76877 ,8976 
1,全部位,C00-C96,女,2020,410238 ,398 ,263 ,298 ,441 ,888 ,1608 ,3512 ,6780 ,12981 ,21779 ,23609 ,25550 ,29585 ,41814 ,57910 ,56146 ,50303 ,42637 ,24515 ,8134 ,1087 ,0 ,76373 ,9221 
3,口腔・咽頭,C00-C14,総数,2016,21601 ,2 ,1 ,7 ,25 ,62 ,118 ,185 ,250 ,529 ,781 ,1167 ,1648 ,2425 ,3691 ,3250 ,2830 ,2362 ,1437 ,627 ,168 ,36 ,0 ,2268 ,204 
3,口腔・咽頭,C00-C14,総数,2017,22034 ,5 ,7 ,11 ,23 ,56 ,115 ,197 ,263 ,523 ,799 ,1071 ,1606 ,2359 ,3666 ,3336 ,3107 ,2455 ,1587 ,637 ,183 ,28 ,0 ,2435 ,211 
3,口腔・咽頭,C00-C14,総数,2018,22515 ,3 ,0 ,11 ,21 ,60 ,83 ,158 ,302 ,531 ,796 ,1140 ,1611 ,2334 ,3514 ,3583 ,3317 ,2432 ,1672 ,725 ,192 ,30 ,0 ,2619 ,222 
3,口腔・咽頭,C00-C14,総数,2019,23671 ,3 ,3 ,13 ,26 ,69 ,103 ,184 ,289 ,533 ,880 ,1196 ,1707 ,2348 ,3493 ,3950 ,3612 ,2515 ,1693 ,810 ,215 ,29 ,0 ,2747 ,244 
3,口腔・咽頭,C00-C14,総数,2020,22052 ,1 ,4 ,11 ,22 ,54 ,97 ,157 ,247 ,458 ,851 ,1128 ,1545 ,2116 ,3012 ,3970 ,3328 ,2382 ,1638 ,756 ,249 ,26 ,0 ,2669 ,275 
3,口腔・咽頭,C00-C14,男,2016,15205 ,0 ,1 ,6 ,14 ,30 ,68 ,108 ,130 ,321 ,524 ,803 ,1273 ,1914 ,2948 ,2525 ,2053 ,1502 ,713 ,232 ,37 ,3 ,0 ,985 ,40 
3,口腔・咽頭,C00-C14,男,2017,15398 ,1 ,4 ,4 ,5 ,32 ,68 ,114 ,155 ,323 ,528 ,751 ,1200 ,1849 ,2876 ,2601 ,2225 ,1537 ,834 ,244 ,45 ,2 ,0 ,1125 ,47 
3,口腔・咽頭,C00-C14,男,2018,15679 ,1 ,0 ,2 ,10 ,32 ,40 ,84 ,163 ,317 ,526 ,792 ,1205 ,1831 ,2760 ,2837 ,2410 ,1521 ,833 ,263 ,49 ,3 ,0 ,1148 ,52 
3,口腔・咽頭,C00-C14,男,2019,16463 ,2 ,2 ,5 ,14 ,26 ,49 ,92 ,160 ,303 ,561 ,813 ,1247 ,1841 ,2769 ,3099 ,2612 ,1592 ,925 ,299 ,48 ,4 ,0 ,1276 ,52 
3,口腔・咽頭,C00-C14,男,2020,15490 ,1 ,2 ,5 ,11 ,26 ,58 ,84 ,138 ,265 ,535 ,794 ,1150 ,1656 ,2379 ,3115 ,2477 ,1571 ,873 ,287 ,58 ,5 ,0 ,1223 ,63 
3,口腔・咽頭,C00-C14,女,2016,6396 ,2 ,0 ,1 ,11 ,32 ,50 ,77 ,120 ,208 ,257 ,364 ,375 ,511 ,743 ,725 ,777 ,860 ,724 ,395 ,131 ,33 ,0 ,1283 ,164 
3,口腔・咽頭,C00-C14,女,2017,6635 ,4 ,3 ,7 ,18 ,24 ,47 ,83 ,108 ,200 ,271 ,320 ,406 ,510 ,790 ,735 ,881 ,918 ,753 ,393 ,138 ,26 ,0 ,1310 ,164 
3,口腔・咽頭,C00-C14,女,2018,6836 ,2 ,0 ,9 ,11 ,28 ,43 ,74 ,139 ,214 ,270 ,348 ,406 ,503 ,754 ,746 ,907 ,911 ,839 ,462 ,143 ,27 ,0 ,1471 ,170 
3,口腔・咽頭,C00-C14,女,2019,7208 ,1 ,1 ,8 ,12 ,43 ,54 ,92 ,129 ,230 ,319 ,383 ,460 ,507 ,724 ,851 ,1000 ,923 ,768 ,511 ,167 ,25 ,0 ,1471 ,192 
3,口腔・咽頭,C00-C14,女,2020,6562 ,0 ,2 ,6 ,11 ,28 ,39 ,73 ,109 ,193 ,316 ,334 ,395 ,460 ,633 ,855 ,851 ,811 ,765 ,469 ,191 ,21 ,0 ,1446 ,212 
4,食道,C15,総数,2016,25845 ,0 ,0 ,0 ,0 ,3 ,5 ,10 ,36 ,166 ,346 ,820 ,1676 ,3057 ,5281 ,5112 ,4319 ,2921 ,1514 ,461 ,102 ,15 ,1 ,2092 ,117 
4,食道,C15,総数,2017,25483 ,0 ,0 ,0 ,1 ,0 ,6 ,15 ,41 ,149 ,375 ,774 ,1594 ,2816 ,5080 ,4908 ,4617 ,3017 ,1497 ,481 ,101 ,11 ,0 ,2090 ,112 
4,食道,C15,総数,2018,25920 ,0 ,0 ,0 ,0 ,2 ,2 ,16 ,37 ,134 ,409 ,809 ,1611 ,2740 ,4625 ,5328 ,4788 ,3155 ,1587 ,577 ,91 ,9 ,0 ,2264 ,100 
4,食道,C15,総数,2019,26382 ,0 ,0 ,1 ,1 ,1 ,5 ,11 ,62 ,145 ,396 ,828 ,1569 ,2749 ,4486 ,5435 ,5092 ,3208 ,1748 ,532 ,105 ,8 ,0 ,2393 ,113 
4,食道,C15,総数,2020,24558 ,0 ,0 ,0 ,2 ,2 ,2 ,14 ,33 ,133 ,400 ,781 ,1516 ,2480 ,3753 ,5239 ,4755 ,3094 ,1639 ,586 ,116 ,13 ,0 ,2354 ,129 
4,食道,C15,男,2016,21431 ,0 ,0 ,0 ,0 ,1 ,3 ,8 ,23 ,104 ,237 ,621 ,1368 ,2591 ,4594 ,4374 ,3678 ,2387 ,1128 ,266 ,43 ,4 ,1 ,1441 ,47 
4,食道,C15,男,2017,21145 ,0 ,0 ,0 ,0 ,0 ,3 ,10 ,27 ,88 ,263 ,613 ,1301 ,2378 ,4374 ,4213 ,3924 ,2480 ,1116 ,308 ,44 ,3 ,0 ,1471 ,47 
4,食道,C15,男,2018,21353 ,0 ,0 ,0 ,0 ,1 ,2 ,12 ,18 ,82 ,275 ,587 ,1314 ,2267 ,3973 ,4605 ,4066 ,2565 ,1180 ,367 ,34 ,5 ,0 ,1586 ,39 
4,食道,C15,男,2019,21719 ,0 ,0 ,1 ,1 ,1 ,3 ,5 ,38 ,95 ,259 ,637 ,1222 ,2308 ,3795 ,4682 ,4321 ,2601 ,1371 ,327 ,48 ,4 ,0 ,1750 ,52 
4,食道,C15,男,2020,20128 ,0 ,0 ,0 ,1 ,1 ,2 ,7 ,21 ,86 ,286 ,563 ,1193 ,2063 ,3162 ,4497 ,4032 ,2552 ,1230 ,375 ,53 ,4 ,0 ,1662 ,57 
4,食道,C15,女,2016,4414 ,0 ,0 ,0 ,0 ,2 ,2 ,2 ,13 ,62 ,109 ,199 ,308 ,466 ,687 ,738 ,641 ,534 ,386 ,195 ,59 ,11 ,0 ,651 ,70 
4,食道,C15,女,2017,4338 ,0 ,0 ,0 ,1 ,0 ,3 ,5 ,14 ,61 ,112 ,161 ,293 ,438 ,706 ,695 ,693 ,537 ,381 ,173 ,57 ,8 ,0 ,619 ,65 
4,食道,C15,女,2018,4565 ,0 ,0 ,0 ,0 ,1 ,0 ,4 ,19 ,52 ,134 ,222 ,297 ,473 ,652 ,722 ,722 ,589 ,407 ,210 ,57 ,4 ,0 ,678 ,61 
4,食道,C15,女,2019,4663 ,0 ,0 ,0 ,0 ,0 ,2 ,6 ,24 ,50 ,137 ,191 ,347 ,441 ,691 ,753 ,771 ,607 ,377 ,205 ,57 ,4 ,0 ,643 ,61 
4,食道,C15,女,2020,4430 ,0 ,0 ,0 ,1 ,1 ,0 ,7 ,12 ,47 ,114 ,218 ,323 ,417 ,591 ,742 ,723 ,542 ,409 ,211 ,63 ,9 ,0 ,692 ,72 
5,胃,C16,総数,2016,134650 ,11 ,2 ,1 ,7 ,22 ,77 ,233 ,477 ,1128 ,1841 ,3053 ,5917 ,11283 ,21964 ,22861 ,24546 ,21496 ,13232 ,5157 ,1214 ,128 ,0 ,19731 ,1342 
5,胃,C16,総数,2017,129476 ,10 ,1 ,0 ,6 ,29 ,65 ,223 ,518 ,1081 ,1749 ,2771 ,5327 ,10043 ,20397 ,22227 ,23948 ,21138 ,13387 ,5237 ,1198 ,121 ,0 ,19943 ,1319 
5,胃,C16,総数,2018,126009 ,5 ,0 ,1 ,4 ,25 ,85 ,207 ,449 ,941 ,1633 ,2607 ,4859 ,9192 ,18557 ,22519 ,23714 ,20972 ,13512 ,5447 ,1166 ,114 ,0 ,20239 ,1280 
5,胃,C16,総数,2019,124319 ,7 ,2 ,0 ,6 ,27 ,59 ,174 ,448 ,912 ,1624 ,2410 ,4582 ,8519 ,16619 ,23258 ,24445 ,20627 ,13435 ,5680 ,1352 ,133 ,0 ,20600 ,1485 
5,胃,C16,総数,2020,109679 ,5 ,2 ,4 ,8 ,22 ,79 ,179 ,416 ,753 ,1373 ,2111 ,3802 ,7156 ,13275 ,21273 ,21471 ,18191 ,12767 ,5379 ,1284 ,129 ,0 ,19559 ,1413 
5,胃,C16,男,2016,92691 ,6 ,2 ,0 ,5 ,11 ,39 ,100 ,230 ,591 ,1074 ,2095 ,4206 ,8496 ,16518 ,17052 ,17513 ,14276 ,7783 ,2287 ,377 ,30 ,0 ,10477 ,407 
5,胃,C16,男,2017,89331 ,5 ,1 ,0 ,1 ,12 ,24 ,117 ,247 ,553 ,1067 ,1826 ,3833 ,7518 ,15286 ,16603 ,17241 ,14259 ,7848 ,2473 ,383 ,34 ,0 ,10738 ,417 
5,胃,C16,男,2018,86905 ,3 ,0 ,1 ,3 ,16 ,38 ,100 ,212 ,501 ,979 ,1718 ,3513 ,6935 ,13936 ,16752 ,17109 ,14138 ,8006 ,2529 ,387 ,29 ,0 ,10951 ,416 
5,胃,C16,男,2019,85325 ,5 ,1 ,0 ,2 ,11 ,23 ,67 ,220 ,488 ,921 ,1592 ,3274 ,6402 ,12443 ,17243 ,17543 ,13879 ,7996 ,2757 ,417 ,41 ,0 ,11211 ,458 
5,胃,C16,男,2020,75128 ,3 ,1 ,2 ,3 ,9 ,38 ,77 ,209 ,426 ,806 ,1355 ,2706 ,5344 ,9972 ,15841 ,15428 ,12308 ,7580 ,2583 ,411 ,26 ,0 ,10600 ,437 
5,胃,C16,女,2016,41959 ,5 ,0 ,1 ,2 ,11 ,38 ,133 ,247 ,537 ,767 ,958 ,1711 ,2787 ,5446 ,5809 ,7033 ,7220 ,5449 ,2870 ,837 ,98 ,0 ,9254 ,935 
5,胃,C16,女,2017,40144 ,5 ,0 ,0 ,5 ,17 ,41 ,106 ,271 ,528 ,682 ,945 ,1494 ,2525 ,5110 ,5624 ,6707 ,6879 ,5539 ,2764 ,815 ,87 ,0 ,9205 ,902 
5,胃,C16,女,2018,39103 ,2 ,0 ,0 ,1 ,9 ,47 ,107 ,237 ,440 ,654 ,889 ,1346 ,2257 ,4621 ,5767 ,6605 ,6834 ,5506 ,2917 ,779 ,85 ,0 ,9287 ,864 
5,胃,C16,女,2019,38994 ,2 ,1 ,0 ,4 ,16 ,36 ,107 ,228 ,424 ,703 ,818 ,1308 ,2117 ,4176 ,6015 ,6902 ,6748 ,5439 ,2923 ,935 ,92 ,0 ,9389 ,1027 
5,胃,C16,女,2020,34551 ,2 ,1 ,2 ,5 ,13 ,41 ,102 ,207 ,327 ,567 ,756 ,1096 ,1812 ,3303 ,5432 ,6043 ,5883 ,5187 ,2796 ,873 ,103 ,0 ,8959 ,976 
6,結腸,C18,総数,2016,104901 ,0 ,0 ,6 ,19 ,44 ,100 ,223 ,560 ,1231 ,2071 ,3286 ,5121 ,9150 ,16552 ,16133 ,17248 ,15739 ,10817 ,5070 ,1322 ,209 ,0 ,17418 ,1531 
6,結腸,C18,総数,2017,101952 ,1 ,2 ,5 ,12 ,30 ,87 ,239 ,529 ,1205 ,2050 ,3263 ,4768 ,8130 ,15507 ,15855 ,17156 ,15518 ,10778 ,5304 ,1338 ,175 ,0 ,17595 ,1513 
6,結腸,C18,総数,2018,101249 ,2 ,4 ,12 ,18 ,33 ,71 ,222 ,528 ,1101 ,2041 ,3140 ,4934 ,7465 ,14134 ,16536 ,17321 ,15516 ,11103 ,5406 ,1490 ,170 ,2 ,18169 ,1660 
6,結腸,C18,総数,2019,103338 ,0 ,2 ,7 ,12 ,34 ,92 ,219 ,548 ,1109 ,2157 ,3284 ,4882 ,7466 ,13457 ,17623 ,17938 ,15736 ,11187 ,5848 ,1545 ,192 ,0 ,18772 ,1737 
6,結腸,C18,総数,2020,98240 ,2 ,0 ,8 ,7 ,41 ,77 ,218 ,516 ,1023 ,2053 ,3150 ,4783 ,6715 ,11435 ,17350 ,16979 ,14962 ,11321 ,5723 ,1673 ,204 ,0 ,18921 ,1877 
6,結腸,C18,男,2016,56016 ,0 ,0 ,3 ,8 ,27 ,54 ,115 ,277 ,603 ,1076 ,1749 ,2905 ,5503 ,10123 ,9587 ,9693 ,7926 ,4494 ,1554 ,289 ,30 ,0 ,6367 ,319 
6,結腸,C18,男,2017,54358 ,1 ,1 ,2 ,6 ,13 ,46 ,132 ,227 ,619 ,1129 ,1747 ,2712 ,4962 ,9487 ,9437 ,9643 ,7799 ,4454 ,1648 ,276 ,17 ,0 ,6395 ,293 
6,結腸,C18,男,2018,53940 ,0 ,1 ,6 ,10 ,17 ,33 ,126 ,284 ,584 ,1074 ,1629 ,2863 ,4526 ,8587 ,9833 ,9722 ,7911 ,4692 ,1709 ,301 ,30 ,2 ,6732 ,331 
6,結腸,C18,男,2019,54875 ,0 ,0 ,5 ,9 ,18 ,49 ,116 ,275 ,555 ,1110 ,1761 ,2836 ,4507 ,8125 ,10476 ,10118 ,7933 ,4751 ,1870 ,329 ,32 ,0 ,6982 ,361 
6,結腸,C18,男,2020,51733 ,1 ,0 ,3 ,4 ,17 ,38 ,102 ,251 ,509 ,1050 ,1737 ,2794 ,3991 ,6944 ,10376 ,9457 ,7587 ,4688 ,1783 ,368 ,33 ,0 ,6872 ,401 
6,結腸,C18,女,2016,48883 ,0 ,0 ,3 ,11 ,17 ,46 ,108 ,283 ,628 ,995 ,1537 ,2216 ,3647 ,6428 ,6546 ,7555 ,7812 ,6323 ,3516 ,1033 ,179 ,0 ,11051 ,1212 
6,結腸,C18,女,2017,47593 ,0 ,1 ,3 ,6 ,17 ,41 ,107 ,302 ,586 ,921 ,1516 ,2056 ,3168 ,6020 ,6418 ,7513 ,7719 ,6323 ,3656 ,1062 ,158 ,0 ,11199 ,1220 
6,結腸,C18,女,2018,47309 ,2 ,3 ,6 ,8 ,16 ,38 ,96 ,244 ,517 ,967 ,1511 ,2071 ,2939 ,5547 ,6703 ,7599 ,7605 ,6411 ,3697 ,1189 ,140 ,0 ,11437 ,1329 
6,結腸,C18,女,2019,48463 ,0 ,2 ,2 ,3 ,16 ,43 ,103 ,273 ,554 ,1047 ,1523 ,2046 ,2959 ,5332 ,7147 ,7820 ,7803 ,6436 ,3978 ,1216 ,160 ,0 ,11790 ,1376 
6,結腸,C18,女,2020,46507 ,1 ,0 ,5 ,3 ,24 ,39 ,116 ,265 ,514 ,1003 ,1413 ,1989 ,2724 ,4491 ,6974 ,7522 ,7375 ,6633 ,3940 ,1305 ,171 ,0 ,12049 ,1476 
7,直腸,C19-C20,総数,2016,53226 ,0 ,0 ,1 ,4 ,20 ,75 ,193 ,537 ,1152 ,1768 ,2707 ,4079 ,6327 ,10046 ,8276 ,7164 ,5710 ,3419 ,1397 ,305 ,43 ,3 ,5164 ,348 
7,直腸,C19-C20,総数,2017,51241 ,0 ,0 ,0 ,7 ,22 ,80 ,176 ,443 ,1054 ,1836 ,2611 ,3821 ,5732 ,9426 ,8112 ,7211 ,5690 ,3294 ,1356 ,325 ,45 ,0 ,5020 ,370 
7,直腸,C19-C20,総数,2018,51005 ,0 ,0 ,0 ,7 ,20 ,65 ,198 ,467 ,1002 ,1740 ,2590 ,3761 ,5472 ,8922 ,8574 ,7462 ,5590 ,3313 ,1436 ,346 ,40 ,0 ,5135 ,386 
7,直腸,C19-C20,総数,2019,52287 ,0 ,0 ,2 ,4 ,29 ,75 ,206 ,506 ,1048 ,1901 ,2836 ,3795 ,5341 ,8483 ,8953 ,7754 ,5849 ,3478 ,1626 ,369 ,32 ,0 ,5505 ,401 
7,直腸,C19-C20,総数,2020,49485 ,0 ,0 ,2 ,5 ,32 ,76 ,189 ,454 ,939 ,1769 ,2639 ,3593 ,4909 ,7303 ,9246 ,7398 ,5383 ,3554 ,1563 ,380 ,51 ,0 ,5548 ,431 
7,直腸,C19-C20,男,2016,33625 ,0 ,0 ,1 ,2 ,9 ,44 ,112 ,303 ,655 ,1048 ,1677 ,2685 ,4332 ,7023 ,5671 ,4527 ,3230 ,1717 ,493 ,82 ,12 ,2 ,2304 ,94 
7,直腸,C19-C20,男,2017,32661 ,0 ,0 ,0 ,3 ,16 ,46 ,89 ,252 ,606 ,1121 ,1649 ,2532 ,3989 ,6542 ,5576 ,4696 ,3335 ,1599 ,533 ,67 ,10 ,0 ,2209 ,77 
7,直腸,C19-C20,男,2018,32474 ,0 ,0 ,0 ,5 ,19 ,32 ,120 ,273 ,569 ,1070 ,1599 ,2495 ,3817 ,6279 ,5862 ,4859 ,3223 ,1598 ,568 ,78 ,8 ,0 ,2252 ,86 
7,直腸,C19-C20,男,2019,32997 ,0 ,0 ,2 ,1 ,20 ,40 ,120 ,295 ,624 ,1112 ,1782 ,2520 ,3620 ,5920 ,6086 ,5035 ,3387 ,1727 ,610 ,91 ,5 ,0 ,2433 ,96 
7,直腸,C19-C20,男,2020,31076 ,0 ,0 ,1 ,3 ,19 ,44 ,113 ,237 ,542 ,1055 ,1648 ,2377 ,3344 ,5096 ,6328 ,4754 ,3156 ,1676 ,568 ,103 ,12 ,0 ,2359 ,115 
7,直腸,C19-C20,女,2016,19593 ,0 ,0 ,0 ,2 ,11 ,31 ,81 ,233 ,497 ,719 ,1030 ,1394 ,1995 ,3022 ,2605 ,2634 ,2480 ,1701 ,903 ,223 ,31 ,1 ,2858 ,254 
7,直腸,C19-C20,女,2017,18577 ,0 ,0 ,0 ,4 ,6 ,34 ,87 ,191 ,448 ,715 ,962 ,1289 ,1743 ,2884 ,2536 ,2514 ,2355 ,1693 ,823 ,258 ,35 ,0 ,2809 ,293 
7,直腸,C19-C20,女,2018,18531 ,0 ,0 ,0 ,2 ,1 ,33 ,78 ,194 ,433 ,670 ,991 ,1266 ,1655 ,2643 ,2712 ,2603 ,2367 ,1715 ,868 ,268 ,32 ,0 ,2883 ,300 
7,直腸,C19-C20,女,2019,19290 ,0 ,0 ,0 ,3 ,9 ,35 ,86 ,211 ,424 ,789 ,1054 ,1275 ,1721 ,2563 ,2867 ,2719 ,2462 ,1751 ,1016 ,278 ,27 ,0 ,3072 ,305 
7,直腸,C19-C20,女,2020,18408 ,0 ,0 ,1 ,2 ,13 ,32 ,76 ,217 ,397 ,714 ,991 ,1216 ,1565 ,2206 ,2918 ,2644 ,2227 ,1878 ,995 ,277 ,39 ,0 ,3189 ,316 
8,肝臓,C22,総数,2016,42762 ,52 ,9 ,8 ,8 ,20 ,11 ,44 ,111 ,236 ,468 ,916 ,1809 ,3244 ,6256 ,6613 ,7722 ,7907 ,4841 ,1978 ,450 ,58 ,1 ,7327 ,508 
8,肝臓,C22,総数,2017,39401 ,55 ,4 ,10 ,4 ,14 ,13 ,28 ,89 ,215 ,443 ,863 ,1629 ,2913 ,5578 ,6089 ,7084 ,7214 ,4707 ,1948 ,451 ,50 ,0 ,7156 ,501 
8,肝臓,C22,総数,2018,38312 ,42 ,7 ,9 ,6 ,9 ,21 ,36 ,83 ,178 ,433 ,783 ,1497 ,2609 ,5133 ,6066 ,6928 ,7095 ,4785 ,2012 ,509 ,71 ,0 ,7377 ,580 
8,肝臓,C22,総数,2019,37296 ,39 ,11 ,6 ,5 ,14 ,21 ,26 ,80 ,203 ,418 ,766 ,1412 ,2458 ,4511 ,6153 ,7000 ,6611 ,4855 ,2140 ,524 ,43 ,0 ,7562 ,567 
8,肝臓,C22,総数,2020,34744 ,44 ,9 ,8 ,1 ,9 ,19 ,27 ,92 ,181 ,375 ,693 ,1275 ,2158 ,3860 ,6172 ,6399 ,6020 ,4702 ,2140 ,500 ,60 ,0 ,7402 ,560 
8,肝臓,C22,男,2016,28480 ,29 ,8 ,4 ,6 ,12 ,4 ,27 ,78 ,181 ,344 ,750 ,1492 ,2616 ,4804 ,4719 ,5095 ,4810 ,2579 ,769 ,140 ,13 ,0 ,3501 ,153 
8,肝臓,C22,男,2017,26576 ,23 ,2 ,6 ,0 ,8 ,9 ,17 ,60 ,163 ,327 ,690 ,1305 ,2368 ,4315 ,4438 ,4867 ,4509 ,2505 ,838 ,120 ,6 ,0 ,3469 ,126 
8,肝臓,C22,男,2018,26163 ,26 ,2 ,8 ,4 ,8 ,11 ,20 ,51 ,129 ,323 ,640 ,1221 ,2121 ,4027 ,4536 ,4788 ,4547 ,2639 ,888 ,151 ,23 ,0 ,3701 ,174 
8,肝臓,C22,男,2019,25339 ,19 ,7 ,2 ,4 ,9 ,11 ,19 ,51 ,154 ,313 ,605 ,1165 ,1982 ,3542 ,4612 ,4859 ,4151 ,2729 ,955 ,142 ,8 ,0 ,3834 ,150 
8,肝臓,C22,男,2020,23707 ,20 ,5 ,2 ,1 ,5 ,9 ,13 ,51 ,124 ,280 ,537 ,1032 ,1817 ,3021 ,4647 ,4499 ,3871 ,2639 ,980 ,143 ,11 ,0 ,3773 ,154 
8,肝臓,C22,女,2016,14274 ,23 ,1 ,4 ,2 ,8 ,7 ,17 ,33 ,55 ,124 ,166 ,317 ,627 ,1452 ,1894 ,2626 ,3097 ,2257 ,1208 ,310 ,45 ,1 ,3820 ,355 
8,肝臓,C22,女,2017,12824 ,32 ,2 ,4 ,4 ,6 ,4 ,11 ,29 ,52 ,116 ,173 ,324 ,545 ,1263 ,1651 ,2217 ,2705 ,2202 ,1110 ,330 ,44 ,0 ,3686 ,374 
8,肝臓,C22,女,2018,12148 ,16 ,5 ,1 ,2 ,1 ,10 ,16 ,32 ,49 ,110 ,143 ,276 ,488 ,1106 ,1530 ,2140 ,2548 ,2146 ,1123 ,358 ,48 ,0 ,3675 ,406 
8,肝臓,C22,女,2019,11957 ,20 ,4 ,4 ,1 ,5 ,10 ,7 ,29 ,49 ,105 ,161 ,247 ,476 ,969 ,1541 ,2141 ,2460 ,2126 ,1185 ,382 ,35 ,0 ,3728 ,417 
8,肝臓,C22,女,2020,11037 ,24 ,4 ,6 ,0 ,4 ,10 ,14 ,41 ,57 ,95 ,156 ,243 ,341 ,839 ,1525 ,1900 ,2149 ,2063 ,1160 ,357 ,49 ,0 ,3629 ,406 
9,胆嚢・胆管,C23-C24,総数,2016,22828 ,0 ,0 ,1 ,2 ,1 ,7 ,12 ,43 ,89 ,175 ,322 ,608 ,1303 ,2599 ,3069 ,3896 ,4362 ,3815 ,1880 ,551 ,93 ,0 ,6339 ,644 
9,胆嚢・胆管,C23-C24,総数,2017,22664 ,0 ,0 ,0 ,1 ,1 ,3 ,12 ,26 ,73 ,170 ,322 ,574 ,1145 ,2527 ,2944 ,4096 ,4437 ,3646 ,2023 ,573 ,91 ,0 ,6333 ,664 
9,胆嚢・胆管,C23-C24,総数,2018,22201 ,0 ,1 ,0 ,0 ,1 ,4 ,15 ,41 ,78 ,174 ,304 ,525 ,1063 ,2355 ,3058 ,3855 ,4286 ,3708 ,1996 ,656 ,81 ,0 ,6441 ,737 
9,胆嚢・胆管,C23-C24,総数,2019,22159 ,0 ,0 ,0 ,0 ,4 ,4 ,9 ,20 ,56 ,160 ,306 ,523 ,961 ,2155 ,3055 ,4062 ,4218 ,3676 ,2184 ,657 ,109 ,0 ,6626 ,766 
9,胆嚢・胆管,C23-C24,総数,2020,21392 ,1 ,0 ,0 ,0 ,1 ,4 ,10 ,20 ,53 ,148 ,259 ,500 ,883 ,1894 ,3097 ,3834 ,4163 ,3703 ,2075 ,656 ,91 ,0 ,6525 ,747 
9,胆嚢・胆管,C23-C24,男,2016,12052 ,0 ,0 ,0 ,1 ,1 ,5 ,4 ,22 ,44 ,105 ,180 ,365 ,809 ,1629 ,1963 ,2238 ,2332 ,1665 ,560 ,113 ,16 ,0 ,2354 ,129 
9,胆嚢・胆管,C23-C24,男,2017,12085 ,0 ,0 ,0 ,0 ,0 ,3 ,9 ,14 ,39 ,102 ,173 ,350 ,709 ,1641 ,1846 ,2443 ,2306 ,1632 ,669 ,131 ,18 ,0 ,2450 ,149 
9,胆嚢・胆管,C23-C24,男,2018,11926 ,0 ,0 ,0 ,0 ,0 ,2 ,7 ,22 ,44 ,98 ,173 ,302 ,670 ,1536 ,1946 ,2330 ,2342 ,1661 ,651 ,133 ,9 ,0 ,2454 ,142 
9,胆嚢・胆管,C23-C24,男,2019,11964 ,0 ,0 ,0 ,0 ,3 ,3 ,6 ,13 ,28 ,98 ,203 ,326 ,584 ,1374 ,1938 ,2485 ,2305 ,1666 ,755 ,153 ,24 ,0 ,2598 ,177 
9,胆嚢・胆管,C23-C24,男,2020,11705 ,0 ,0 ,0 ,0 ,0 ,2 ,4 ,14 ,36 ,82 ,157 ,316 ,579 ,1215 ,1936 ,2353 ,2402 ,1723 ,720 ,157 ,9 ,0 ,2609 ,166 
9,胆嚢・胆管,C23-C24,女,2016,10774 ,0 ,0 ,1 ,1 ,0 ,2 ,8 ,21 ,45 ,70 ,142 ,243 ,494 ,970 ,1106 ,1657 ,2029 ,2150 ,1320 ,438 ,77 ,0 ,3985 ,515 
9,胆嚢・胆管,C23-C24,女,2017,10578 ,0 ,0 ,0 ,1 ,1 ,0 ,3 ,12 ,34 ,68 ,149 ,224 ,436 ,885 ,1098 ,1653 ,2131 ,2014 ,1354 ,442 ,73 ,0 ,3883 ,515 
9,胆嚢・胆管,C23-C24,女,2018,10275 ,0 ,1 ,0 ,0 ,1 ,2 ,8 ,19 ,34 ,76 ,131 ,223 ,393 ,819 ,1112 ,1525 ,1944 ,2047 ,1345 ,523 ,72 ,0 ,3987 ,595 
9,胆嚢・胆管,C23-C24,女,2019,10195 ,0 ,0 ,0 ,0 ,1 ,1 ,3 ,7 ,28 ,62 ,103 ,197 ,377 ,781 ,1117 ,1577 ,1913 ,2010 ,1429 ,504 ,85 ,0 ,4028 ,589 
9,胆嚢・胆管,C23-C24,女,2020,9687 ,1 ,0 ,0 ,0 ,1 ,2 ,6 ,6 ,17 ,66 ,102 ,184 ,304 ,679 ,1161 ,1481 ,1761 ,1980 ,1355 ,499 ,82 ,0 ,3916 ,581 
10,膵臓,C25,総数,2016,40617 ,4 ,1 ,2 ,5 ,10 ,14 ,38 ,121 ,302 ,569 ,1031 ,1846 ,3139 ,6407 ,6371 ,6687 ,6541 ,4645 ,2214 ,591 ,79 ,0 ,7529 ,670 
10,膵臓,C25,総数,2017,40981 ,2 ,3 ,7 ,3 ,10 ,22 ,55 ,113 ,331 ,616 ,1015 ,1757 ,3048 ,6291 ,6445 ,7136 ,6419 ,4681 ,2303 ,647 ,77 ,0 ,7708 ,724 
10,膵臓,C25,総数,2018,42361 ,2 ,2 ,5 ,11 ,20 ,22 ,55 ,133 ,325 ,686 ,1130 ,1779 ,2957 ,5695 ,6905 ,7392 ,6773 ,5098 ,2535 ,759 ,76 ,1 ,8468 ,835 
10,膵臓,C25,総数,2019,43865 ,2 ,3 ,9 ,24 ,26 ,40 ,90 ,138 ,338 ,683 ,1100 ,1855 ,2935 ,5302 ,7536 ,7984 ,6983 ,5285 ,2707 ,737 ,88 ,0 ,8817 ,825 
10,膵臓,C25,総数,2020,44448 ,2 ,4 ,15 ,18 ,22 ,35 ,64 ,137 ,269 ,652 ,1176 ,1905 ,2869 ,4870 ,7793 ,8182 ,7125 ,5480 ,2950 ,780 ,100 ,0 ,9310 ,880 
10,膵臓,C25,男,2016,20856 ,1 ,0 ,1 ,2 ,4 ,6 ,18 ,59 ,185 ,342 ,646 ,1116 ,1951 ,3777 ,3604 ,3511 ,3091 ,1732 ,669 ,125 ,16 ,0 ,2542 ,141 
10,膵臓,C25,男,2017,21200 ,1 ,3 ,0 ,1 ,4 ,11 ,18 ,62 ,189 ,375 ,643 ,1063 ,1894 ,3824 ,3721 ,3718 ,3061 ,1817 ,658 ,123 ,14 ,0 ,2612 ,137 
10,膵臓,C25,男,2018,21559 ,0 ,1 ,1 ,4 ,6 ,7 ,25 ,70 ,177 ,416 ,681 ,1091 ,1775 ,3395 ,3962 ,3880 ,3194 ,1986 ,729 ,142 ,16 ,1 ,2873 ,158 
10,膵臓,C25,男,2019,22285 ,1 ,0 ,2 ,6 ,6 ,13 ,37 ,75 ,179 ,397 ,670 ,1078 ,1773 ,3196 ,4314 ,4194 ,3306 ,2043 ,848 ,137 ,10 ,0 ,3038 ,147 
10,膵臓,C25,男,2020,22557 ,0 ,2 ,3 ,2 ,3 ,11 ,29 ,69 ,145 ,380 ,735 ,1167 ,1737 ,2863 ,4446 ,4365 ,3375 ,2154 ,906 ,156 ,9 ,0 ,3225 ,165 
10,膵臓,C25,女,2016,19760 ,3 ,1 ,1 ,3 ,6 ,8 ,20 ,62 ,117 ,227 ,385 ,730 ,1188 ,2630 ,2766 ,3176 ,3450 ,2913 ,1545 ,466 ,63 ,0 ,4987 ,529 
10,膵臓,C25,女,2017,19780 ,1 ,0 ,7 ,2 ,6 ,11 ,37 ,51 ,142 ,241 ,372 ,694 ,1154 ,2467 ,2723 ,3418 ,3358 ,2864 ,1645 ,524 ,63 ,0 ,5096 ,587 
10,膵臓,C25,女,2018,20800 ,2 ,1 ,4 ,7 ,14 ,15 ,30 ,63 ,148 ,270 ,449 ,688 ,1182 ,2300 ,2943 ,3512 ,3577 ,3112 ,1806 ,617 ,60 ,0 ,5595 ,677 
10,膵臓,C25,女,2019,21579 ,1 ,3 ,7 ,18 ,20 ,27 ,53 ,63 ,159 ,286 ,430 ,777 ,1162 ,2106 ,3222 ,3790 ,3676 ,3242 ,1859 ,600 ,78 ,0 ,5779 ,678 
10,膵臓,C25,女,2020,21891 ,2 ,2 ,12 ,16 ,19 ,24 ,35 ,68 ,124 ,272 ,441 ,738 ,1132 ,2007 ,3347 ,3817 ,3750 ,3326 ,2044 ,624 ,91 ,0 ,6085 ,715 
11,喉頭,C32,総数,2016,5285 ,0 ,0 ,0 ,1 ,0 ,0 ,4 ,8 ,30 ,75 ,129 ,293 ,553 ,1081 ,1074 ,839 ,689 ,372 ,121 ,13 ,2 ,1 ,508 ,15 
11,喉頭,C32,総数,2017,5247 ,1 ,0 ,0 ,0 ,0 ,0 ,5 ,6 ,23 ,75 ,145 ,278 ,522 ,1037 ,1076 ,908 ,642 ,389 ,117 ,22 ,0 ,1 ,528 ,22 
11,喉頭,C32,総数,2018,5190 ,0 ,0 ,0 ,0 ,1 ,0 ,2 ,7 ,24 ,68 ,121 ,274 ,457 ,953 ,1121 ,951 ,676 ,390 ,127 ,15 ,3 ,0 ,535 ,18 
11,喉頭,C32,総数,2019,5111 ,0 ,0 ,0 ,0 ,0 ,0 ,2 ,4 ,10 ,66 ,117 ,270 ,447 ,866 ,1093 ,1036 ,656 ,378 ,144 ,20 ,2 ,0 ,544 ,22 
11,喉頭,C32,総数,2020,4613 ,0 ,0 ,0 ,0 ,1 ,0 ,5 ,5 ,21 ,52 ,109 ,234 ,423 ,717 ,1033 ,957 ,578 ,337 ,125 ,15 ,1 ,0 ,478 ,16 
11,喉頭,C32,男,2016,4892 ,0 ,0 ,0 ,0 ,0 ,0 ,1 ,7 ,21 ,66 ,113 ,275 ,513 ,1030 ,1008 ,774 ,627 ,345 ,100 ,10 ,1 ,1 ,456 ,11 
11,喉頭,C32,男,2017,4845 ,1 ,0 ,0 ,0 ,0 ,0 ,4 ,4 ,20 ,64 ,128 ,254 ,489 ,963 ,1000 ,841 ,598 ,354 ,108 ,17 ,0 ,0 ,479 ,17 
11,喉頭,C32,男,2018,4763 ,0 ,0 ,0 ,0 ,1 ,0 ,1 ,7 ,17 ,54 ,107 ,254 ,414 ,890 ,1050 ,880 ,615 ,349 ,109 ,12 ,3 ,0 ,473 ,15 
11,喉頭,C32,男,2019,4688 ,0 ,0 ,0 ,0 ,0 ,0 ,1 ,3 ,7 ,53 ,97 ,245 ,416 ,806 ,1015 ,953 ,596 ,346 ,130 ,18 ,2 ,0 ,496 ,20 
11,喉頭,C32,男,2020,4205 ,0 ,0 ,0 ,0 ,0 ,0 ,2 ,4 ,19 ,46 ,94 ,205 ,383 ,669 ,951 ,885 ,530 ,300 ,105 ,11 ,1 ,0 ,417 ,12 
11,喉頭,C32,女,2016,393 ,0 ,0 ,0 ,1 ,0 ,0 ,3 ,1 ,9 ,9 ,16 ,18 ,40 ,51 ,66 ,65 ,62 ,27 ,21 ,3 ,1 ,0 ,52 ,4 
11,喉頭,C32,女,2017,402 ,0 ,0 ,0 ,0 ,0 ,0 ,1 ,2 ,3 ,11 ,17 ,24 ,33 ,74 ,76 ,67 ,44 ,35 ,9 ,5 ,0 ,1 ,49 ,5 
11,喉頭,C32,女,2018,427 ,0 ,0 ,0 ,0 ,0 ,0 ,1 ,0 ,7 ,14 ,14 ,20 ,43 ,63 ,71 ,71 ,61 ,41 ,18 ,3 ,0 ,0 ,62 ,3 
11,喉頭,C32,女,2019,423 ,0 ,0 ,0 ,0 ,0 ,0 ,1 ,1 ,3 ,13 ,20 ,25 ,31 ,60 ,78 ,83 ,60 ,32 ,14 ,2 ,0 ,0 ,48 ,2 
11,喉頭,C32,女,2020,408 ,0 ,0 ,0 ,0 ,1 ,0 ,3 ,1 ,2 ,6 ,15 ,29 ,40 ,48 ,82 ,72 ,48 ,37 ,20 ,4 ,0 ,0 ,61 ,4 
12,肺,C33-C34,総数,2016,125454 ,4 ,2 ,3 ,4 ,27 ,46 ,139 ,336 ,873 ,1535 ,2722 ,5112 ,10335 ,21752 ,22428 ,21795 ,18987 ,12757 ,5154 ,1275 ,167 ,1 ,19353 ,1442 
12,肺,C33-C34,総数,2017,124510 ,1 ,0 ,2 ,8 ,19 ,44 ,124 ,309 ,831 ,1557 ,2700 ,4931 ,9564 ,20748 ,22471 ,22734 ,19209 ,12426 ,5406 ,1246 ,178 ,2 ,19256 ,1424 
12,肺,C33-C34,総数,2018,122825 ,1 ,1 ,3 ,5 ,12 ,28 ,116 ,307 ,740 ,1536 ,2616 ,4673 ,8841 ,18645 ,23562 ,22949 ,18903 ,12676 ,5674 ,1360 ,175 ,2 ,19885 ,1535 
12,肺,C33-C34,総数,2019,126548 ,1 ,1 ,0 ,11 ,22 ,45 ,118 ,269 ,703 ,1619 ,2760 ,4690 ,8648 ,17332 ,25123 ,25294 ,19125 ,13023 ,6044 ,1552 ,168 ,0 ,20787 ,1720 
12,肺,C33-C34,総数,2020,120759 ,1 ,0 ,0 ,9 ,20 ,45 ,110 ,273 ,589 ,1458 ,2571 ,4368 ,7962 ,15269 ,25147 ,24392 ,18278 ,12669 ,5880 ,1544 ,174 ,0 ,20267 ,1718 
12,肺,C33-C34,男,2016,83790 ,4 ,1 ,3 ,3 ,16 ,18 ,66 ,183 ,468 ,939 ,1692 ,3337 ,7111 ,15084 ,15719 ,14994 ,12727 ,8148 ,2756 ,471 ,50 ,0 ,11425 ,521 
12,肺,C33-C34,男,2017,82880 ,0 ,0 ,2 ,4 ,11 ,20 ,54 ,146 ,445 ,861 ,1649 ,3181 ,6538 ,14445 ,15683 ,15599 ,12839 ,7944 ,2935 ,469 ,54 ,1 ,11402 ,523 
12,肺,C33-C34,男,2018,82046 ,0 ,0 ,1 ,3 ,7 ,15 ,58 ,151 ,389 ,900 ,1616 ,3113 ,6080 ,13171 ,16503 ,15913 ,12536 ,7994 ,3031 ,516 ,47 ,2 ,11588 ,563 
12,肺,C33-C34,男,2019,84325 ,0 ,0 ,0 ,7 ,13 ,24 ,55 ,139 ,397 ,944 ,1670 ,3048 ,5914 ,12236 ,17477 ,17486 ,12741 ,8207 ,3304 ,612 ,51 ,0 ,12174 ,663 
12,肺,C33-C34,男,2020,81080 ,1 ,0 ,0 ,4 ,7 ,20 ,57 ,146 ,329 ,853 ,1582 ,2873 ,5575 ,10787 ,17827 ,16987 ,12204 ,7976 ,3223 ,588 ,41 ,0 ,11828 ,629 
12,肺,C33-C34,女,2016,41634 ,0 ,1 ,0 ,1 ,11 ,28 ,73 ,153 ,405 ,596 ,1029 ,1774 ,3221 ,6665 ,6706 ,6794 ,6255 ,4604 ,2396 ,804 ,117 ,1 ,7921 ,921 
12,肺,C33-C34,女,2017,41630 ,1 ,0 ,0 ,4 ,8 ,24 ,70 ,163 ,386 ,696 ,1051 ,1750 ,3026 ,6303 ,6788 ,7135 ,6370 ,4482 ,2471 ,777 ,124 ,1 ,7854 ,901 
12,肺,C33-C34,女,2018,40777 ,1 ,1 ,2 ,2 ,5 ,13 ,58 ,156 ,351 ,636 ,1000 ,1560 ,2761 ,5473 ,7059 ,7036 ,6367 ,4681 ,2643 ,844 ,128 ,0 ,8296 ,972 
12,肺,C33-C34,女,2019,42221 ,1 ,1 ,0 ,4 ,9 ,21 ,63 ,130 ,306 ,675 ,1090 ,1642 ,2734 ,5096 ,7644 ,7808 ,6384 ,4816 ,2740 ,940 ,117 ,0 ,8613 ,1057 
12,肺,C33-C34,女,2020,39679 ,0 ,0 ,0 ,5 ,13 ,25 ,53 ,127 ,260 ,605 ,989 ,1495 ,2387 ,4482 ,7320 ,7405 ,6074 ,4693 ,2657 ,956 ,133 ,0 ,8439 ,1089 
13,皮膚,C43-C44,総数,2016,24507 ,5 ,3 ,13 ,19 ,36 ,81 ,133 ,236 ,391 ,488 ,616 ,893 ,1396 ,2593 ,2877 ,3471 ,4187 ,3793 ,2234 ,869 ,173 ,0 ,7069 ,1042 
13,皮膚,C43-C44,総数,2017,23723 ,5 ,3 ,10 ,11 ,36 ,75 ,122 ,245 ,358 ,550 ,640 ,847 ,1204 ,2270 ,2670 ,3474 ,4028 ,3833 ,2285 ,873 ,184 ,0 ,7175 ,1057 
13,皮膚,C43-C44,総数,2018,24079 ,3 ,6 ,5 ,22 ,23 ,69 ,132 ,171 ,330 ,537 ,608 ,847 ,1197 ,2140 ,2787 ,3570 ,4136 ,3944 ,2442 ,943 ,167 ,0 ,7496 ,1110 
13,皮膚,C43-C44,総数,2019,25247 ,1 ,3 ,8 ,23 ,39 ,61 ,130 ,203 ,341 ,512 ,650 ,849 ,1234 ,2069 ,3074 ,3934 ,4226 ,4024 ,2691 ,992 ,183 ,0 ,7890 ,1175 
13,皮膚,C43-C44,総数,2020,23846 ,4 ,6 ,9 ,16 ,35 ,62 ,111 ,161 ,331 ,512 ,625 ,840 ,1119 ,1853 ,2877 ,3556 ,3996 ,3990 ,2548 ,1025 ,170 ,0 ,7733 ,1195 
13,皮膚,C43-C44,男,2016,12238 ,3 ,1 ,9 ,5 ,12 ,38 ,63 ,129 ,218 ,241 ,324 ,496 ,783 ,1421 ,1617 ,1942 ,2236 ,1708 ,763 ,206 ,23 ,0 ,2700 ,229 
13,皮膚,C43-C44,男,2017,12119 ,1 ,2 ,5 ,6 ,19 ,34 ,56 ,124 ,170 ,306 ,328 ,493 ,675 ,1351 ,1524 ,1975 ,2160 ,1831 ,823 ,211 ,25 ,0 ,2890 ,236 
13,皮膚,C43-C44,男,2018,12391 ,1 ,4 ,3 ,12 ,16 ,36 ,53 ,86 ,185 ,279 ,345 ,490 ,691 ,1193 ,1597 ,2100 ,2287 ,1905 ,882 ,208 ,18 ,0 ,3013 ,226 
13,皮膚,C43-C44,男,2019,12815 ,1 ,3 ,4 ,9 ,18 ,22 ,56 ,99 ,180 ,248 ,335 ,482 ,670 ,1182 ,1676 ,2206 ,2365 ,1954 ,1041 ,229 ,35 ,0 ,3259 ,264 
13,皮膚,C43-C44,男,2020,12418 ,1 ,5 ,5 ,12 ,15 ,27 ,48 ,89 ,166 ,278 ,342 ,452 ,655 ,1061 ,1642 ,2059 ,2259 ,1975 ,1051 ,240 ,36 ,0 ,3302 ,276 
13,皮膚,C43-C44,女,2016,12269 ,2 ,2 ,4 ,14 ,24 ,43 ,70 ,107 ,173 ,247 ,292 ,397 ,613 ,1172 ,1260 ,1529 ,1951 ,2085 ,1471 ,663 ,150 ,0 ,4369 ,813 
13,皮膚,C43-C44,女,2017,11604 ,4 ,1 ,5 ,5 ,17 ,41 ,66 ,121 ,188 ,244 ,312 ,354 ,529 ,919 ,1146 ,1499 ,1868 ,2002 ,1462 ,662 ,159 ,0 ,4285 ,821 
13,皮膚,C43-C44,女,2018,11688 ,2 ,2 ,2 ,10 ,7 ,33 ,79 ,85 ,145 ,258 ,263 ,357 ,506 ,947 ,1190 ,1470 ,1849 ,2039 ,1560 ,735 ,149 ,0 ,4483 ,884 
13,皮膚,C43-C44,女,2019,12432 ,0 ,0 ,4 ,14 ,21 ,39 ,74 ,104 ,161 ,264 ,315 ,367 ,564 ,887 ,1398 ,1728 ,1861 ,2070 ,1650 ,763 ,148 ,0 ,4631 ,911 
13,皮膚,C43-C44,女,2020,11427 ,3 ,1 ,4 ,4 ,20 ,35 ,63 ,72 ,165 ,234 ,283 ,388 ,464 ,792 ,1234 ,1497 ,1737 ,2015 ,1497 ,785 ,134 ,0 ,4431 ,919 
14,乳房,C50 ,総数,2016,95525 ,0 ,2 ,0 ,1 ,38 ,262 ,1055 ,3014 ,7594 ,11040 ,9437 ,8822 ,10521 ,13538 ,9826 ,8127 ,6125 ,3750 ,1825 ,468 ,80 ,0 ,6123 ,548 
14,乳房,C50 ,総数,2017,92253 ,0 ,0 ,3 ,2 ,52 ,237 ,955 ,2700 ,6999 ,10874 ,9053 ,8458 ,9640 ,12613 ,9799 ,8303 ,6127 ,3864 ,1967 ,538 ,69 ,0 ,6438 ,607 
14,乳房,C50,総数,2018,94519 ,0 ,0 ,2 ,4 ,28 ,265 ,937 ,2565 ,6526 ,10783 ,9392 ,8720 ,9392 ,12442 ,11064 ,8947 ,6646 ,4205 ,1963 ,572 ,66 ,0 ,6806 ,638 
14,乳房,C50,総数,2019,97812 ,0 ,0 ,2 ,9 ,47 ,217 ,937 ,2463 ,6428 ,11305 ,9599 ,8818 ,9468 ,11847 ,12140 ,9918 ,6979 ,4645 ,2263 ,642 ,85 ,0 ,7635 ,727 
14,乳房,C50,総数,2020,92153 ,0 ,0 ,3 ,5 ,47 ,253 ,920 ,2456 ,6073 ,10486 ,9154 ,8512 ,8866 ,10497 ,11891 ,9213 ,6658 ,4279 ,2139 ,619 ,82 ,0 ,7119 ,701 
14,乳房,C50 ,男,2016,674 ,0 ,1 ,0 ,0 ,1 ,3 ,0 ,5 ,17 ,23 ,22 ,41 ,78 ,101 ,98 ,112 ,102 ,56 ,14 ,0 ,0 ,0 ,70 ,0 
14,乳房,C50 ,男,2017,648 ,0 ,0 ,0 ,0 ,0 ,1 ,4 ,4 ,13 ,22 ,33 ,41 ,47 ,91 ,105 ,120 ,76 ,64 ,24 ,3 ,0 ,0 ,91 ,3 
14,乳房,C50,男,2018,661 ,0 ,0 ,0 ,0 ,1 ,5 ,4 ,4 ,8 ,27 ,23 ,40 ,59 ,90 ,111 ,101 ,98 ,60 ,20 ,10 ,0 ,0 ,90 ,10 
14,乳房,C50,男,2019,670 ,0 ,0 ,0 ,2 ,5 ,0 ,4 ,8 ,22 ,18 ,28 ,41 ,61 ,80 ,88 ,123 ,91 ,64 ,30 ,5 ,0 ,0 ,99 ,5 
14,乳房,C50,男,2020,622 ,0 ,0 ,0 ,0 ,3 ,1 ,2 ,5 ,16 ,15 ,22 ,34 ,61 ,73 ,118 ,108 ,82 ,52 ,23 ,7 ,0 ,0 ,82 ,7 
14,乳房,C50 ,女,2016,94848 ,0 ,1 ,0 ,1 ,37 ,259 ,1055 ,3008 ,7577 ,11017 ,9415 ,8781 ,10443 ,13436 ,9727 ,8015 ,6023 ,3694 ,1811 ,468 ,80 ,0 ,6053 ,548 
14,乳房,C50 ,女,2017,91605 ,0 ,0 ,3 ,2 ,52 ,236 ,951 ,2696 ,6986 ,10852 ,9020 ,8417 ,9593 ,12522 ,9694 ,8183 ,6051 ,3800 ,1943 ,535 ,69 ,0 ,6347 ,604 
14,乳房,C50,女,2018,93858 ,0 ,0 ,2 ,4 ,27 ,260 ,933 ,2561 ,6518 ,10756 ,9369 ,8680 ,9333 ,12352 ,10953 ,8846 ,6548 ,4145 ,1943 ,562 ,66 ,0 ,6716 ,628 
14,乳房,C50,女,2019,97142 ,0 ,0 ,2 ,7 ,42 ,217 ,933 ,2455 ,6406 ,11287 ,9571 ,8777 ,9407 ,11767 ,12052 ,9795 ,6888 ,4581 ,2233 ,637 ,85 ,0 ,7536 ,722 
14,乳房,C50,女,2020,91531 ,0 ,0 ,3 ,5 ,44 ,252 ,918 ,2451 ,6057 ,10471 ,9132 ,8478 ,8805 ,10424 ,11773 ,9105 ,6576 ,4227 ,2116 ,612 ,82 ,0 ,7037 ,694 
16,子宮,C53-C55,総数,2016,28076 ,0 ,0 ,1 ,2 ,51 ,251 ,942 ,1547 ,2244 ,2997 ,3335 ,3261 ,2933 ,3409 ,2193 ,1908 ,1491 ,950 ,423 ,121 ,17 ,0 ,1511 ,138 
16,子宮,C53-C55,総数,2017,28183 ,0 ,0 ,1 ,3 ,46 ,241 ,878 ,1502 ,2211 ,3049 ,3421 ,3281 ,2856 ,3326 ,2326 ,1953 ,1430 ,1005 ,507 ,129 ,18 ,0 ,1659 ,147 
16,子宮,C53-C55,総数,2018,28543 ,0 ,1 ,0 ,5 ,44 ,239 ,823 ,1431 ,2186 ,3157 ,3659 ,3413 ,2829 ,3185 ,2515 ,1934 ,1484 ,1023 ,485 ,108 ,22 ,0 ,1638 ,130 
16,子宮,C53-C55,総数,2019,29136 ,0 ,0 ,0 ,5 ,26 ,232 ,725 ,1453 ,2099 ,3187 ,3770 ,3670 ,2792 ,3017 ,2802 ,2173 ,1527 ,978 ,533 ,126 ,21 ,0 ,1658 ,147 
16,子宮,C53-C55,総数,2020,28492 ,0 ,0 ,1 ,2 ,40 ,222 ,718 ,1330 ,1972 ,3090 ,3799 ,3591 ,2801 ,2846 ,2849 ,2092 ,1466 ,1050 ,463 ,149 ,11 ,0 ,1673 ,160 
16,子宮,C53-C55,女,2016,28076 ,0 ,0 ,1 ,2 ,51 ,251 ,942 ,1547 ,2244 ,2997 ,3335 ,3261 ,2933 ,3409 ,2193 ,1908 ,1491 ,950 ,423 ,121 ,17 ,0 ,1511 ,138 
16,子宮,C53-C55,女,2017,28183 ,0 ,0 ,1 ,3 ,46 ,241 ,878 ,1502 ,2211 ,3049 ,3421 ,3281 ,2856 ,3326 ,2326 ,1953 ,1430 ,1005 ,507 ,129 ,18 ,0 ,1659 ,147 
16,子宮,C53-C55,女,2018,28542 ,0 ,1 ,0 ,5 ,44 ,239 ,823 ,1431 ,2185 ,3157 ,3659 ,3413 ,2829 ,3185 ,2515 ,1934 ,1484 ,1023 ,485 ,108 ,22 ,0 ,1638 ,130 
16,子宮,C53-C55,女,2019,29136 ,0 ,0 ,0 ,5 ,26 ,232 ,725 ,1453 ,2099 ,3187 ,3770 ,3670 ,2792 ,3017 ,2802 ,2173 ,1527 ,978 ,533 ,126 ,21 ,0 ,1658 ,147 
16,子宮,C53-C55,女,2020,28492 ,0 ,0 ,1 ,2 ,40 ,222 ,718 ,1330 ,1972 ,3090 ,3799 ,3591 ,2801 ,2846 ,2849 ,2092 ,1466 ,1050 ,463 ,149 ,11 ,0 ,1673 ,160 
17,子宮頸部,C53,総数,2016,11283 ,0 ,0 ,0 ,1 ,27 ,193 ,714 ,1113 ,1334 ,1342 ,1020 ,887 ,924 ,1119 ,751 ,701 ,532 ,385 ,177 ,56 ,7 ,0 ,625 ,63 
17,子宮頸部,C53,総数,2017,11012 ,0 ,0 ,0 ,3 ,31 ,187 ,660 ,1086 ,1265 ,1335 ,983 ,925 ,836 ,1076 ,718 ,673 ,536 ,408 ,234 ,50 ,6 ,0 ,698 ,56 
17,子宮頸部,C53,総数,2018,10979 ,0 ,0 ,0 ,2 ,22 ,157 ,617 ,1001 ,1247 ,1397 ,1099 ,899 ,770 ,1072 ,858 ,652 ,525 ,407 ,201 ,44 ,9 ,0 ,661 ,53 
17,子宮頸部,C53,総数,2019,10879 ,0 ,0 ,0 ,0 ,11 ,160 ,534 ,995 ,1195 ,1347 ,1108 ,926 ,797 ,961 ,919 ,721 ,544 ,395 ,215 ,44 ,7 ,0 ,661 ,51 
17,子宮頸部,C53,総数,2020,10353 ,0 ,0 ,1 ,0 ,15 ,157 ,491 ,914 ,1110 ,1317 ,1055 ,894 ,731 ,882 ,860 ,698 ,560 ,403 ,192 ,69 ,4 ,0 ,668 ,73 
17,子宮頸部,C53,女,2016,11283 ,0 ,0 ,0 ,1 ,27 ,193 ,714 ,1113 ,1334 ,1342 ,1020 ,887 ,924 ,1119 ,751 ,701 ,532 ,385 ,177 ,56 ,7 ,0 ,625 ,63 
17,子宮頸部,C53,女,2017,11012 ,0 ,0 ,0 ,3 ,31 ,187 ,660 ,1086 ,1265 ,1335 ,983 ,925 ,836 ,1076 ,718 ,673 ,536 ,408 ,234 ,50 ,6 ,0 ,698 ,56 
17,子宮頸部,C53,女,2018,10978 ,0 ,0 ,0 ,2 ,22 ,157 ,617 ,1001 ,1246 ,1397 ,1099 ,899 ,770 ,1072 ,858 ,652 ,525 ,407 ,201 ,44 ,9 ,0 ,661 ,53 
17,子宮頸部,C53,女,2019,10879 ,0 ,0 ,0 ,0 ,11 ,160 ,534 ,995 ,1195 ,1347 ,1108 ,926 ,797 ,961 ,919 ,721 ,544 ,395 ,215 ,44 ,7 ,0 ,661 ,51 
17,子宮頸部,C53,女,2020,10353 ,0 ,0 ,1 ,0 ,15 ,157 ,491 ,914 ,1110 ,1317 ,1055 ,894 ,731 ,882 ,860 ,698 ,560 ,403 ,192 ,69 ,4 ,0 ,668 ,73 
18,子宮体部,C54,総数,2016,16304 ,0 ,0 ,1 ,1 ,24 ,57 ,228 ,431 ,904 ,1642 ,2304 ,2361 ,1987 ,2244 ,1408 ,1163 ,864 ,468 ,169 ,42 ,6 ,0 ,685 ,48 
18,子宮体部,C54,総数,2017,16724 ,0 ,0 ,1 ,0 ,15 ,52 ,217 ,414 ,941 ,1699 ,2430 ,2339 ,2003 ,2214 ,1579 ,1239 ,830 ,505 ,186 ,53 ,7 ,0 ,751 ,60 
18,子宮体部,C54,総数,2018,17089 ,0 ,0 ,0 ,3 ,21 ,82 ,206 ,427 ,938 ,1751 ,2544 ,2499 ,2032 ,2084 ,1618 ,1221 ,890 ,521 ,212 ,36 ,4 ,0 ,773 ,40 
18,子宮体部,C54,総数,2019,17880 ,0 ,0 ,0 ,5 ,15 ,72 ,191 ,457 ,896 ,1831 ,2652 ,2726 ,1985 ,2027 ,1854 ,1418 ,928 ,517 ,247 ,47 ,12 ,0 ,823 ,59 
18,子宮体部,C54,総数,2020,17779 ,0 ,0 ,0 ,2 ,25 ,65 ,227 ,415 ,855 ,1767 ,2732 ,2683 ,2056 ,1947 ,1962 ,1361 ,861 ,567 ,206 ,45 ,3 ,0 ,821 ,48 
18,子宮体部,C54,女,2016,16304 ,0 ,0 ,1 ,1 ,24 ,57 ,228 ,431 ,904 ,1642 ,2304 ,2361 ,1987 ,2244 ,1408 ,1163 ,864 ,468 ,169 ,42 ,6 ,0 ,685 ,48 
18,子宮体部,C54,女,2017,16724 ,0 ,0 ,1 ,0 ,15 ,52 ,217 ,414 ,941 ,1699 ,2430 ,2339 ,2003 ,2214 ,1579 ,1239 ,830 ,505 ,186 ,53 ,7 ,0 ,751 ,60 
18,子宮体部,C54,女,2018,17089 ,0 ,0 ,0 ,3 ,21 ,82 ,206 ,427 ,938 ,1751 ,2544 ,2499 ,2032 ,2084 ,1618 ,1221 ,890 ,521 ,212 ,36 ,4 ,0 ,773 ,40 
18,子宮体部,C54,女,2019,17880 ,0 ,0 ,0 ,5 ,15 ,72 ,191 ,457 ,896 ,1831 ,2652 ,2726 ,1985 ,2027 ,1854 ,1418 ,928 ,517 ,247 ,47 ,12 ,0 ,823 ,59 
18,子宮体部,C54,女,2020,17779 ,0 ,0 ,0 ,2 ,25 ,65 ,227 ,415 ,855 ,1767 ,2732 ,2683 ,2056 ,1947 ,1962 ,1361 ,861 ,567 ,206 ,45 ,3 ,0 ,821 ,48 
19,卵巣,C56,総数,2016,13388 ,1 ,10 ,45 ,107 ,167 ,295 ,357 ,559 ,992 ,1376 ,1449 ,1384 ,1338 ,1706 ,1100 ,883 ,755 ,547 ,230 ,79 ,8 ,0 ,864 ,87 
19,卵巣,C56,総数,2017,13346 ,5 ,9 ,46 ,102 ,168 ,266 ,343 ,510 ,1000 ,1423 ,1451 ,1363 ,1327 ,1596 ,1179 ,938 ,735 ,555 ,264 ,58 ,8 ,0 ,885 ,66 
19,卵巣,C56,総数,2018,13049 ,2 ,14 ,42 ,89 ,195 ,252 ,322 ,472 ,883 ,1439 ,1456 ,1387 ,1300 ,1442 ,1198 ,955 ,737 ,502 ,274 ,79 ,9 ,0 ,864 ,88 
19,卵巣,C56,総数,2019,13388 ,5 ,22 ,29 ,95 ,188 ,226 ,335 ,488 ,838 ,1422 ,1599 ,1372 ,1323 ,1493 ,1299 ,1018 ,740 ,537 ,269 ,79 ,11 ,0 ,896 ,90 
19,卵巣,C56,総数,2020,12738 ,3 ,5 ,34 ,97 ,172 ,201 ,304 ,450 ,809 ,1363 ,1524 ,1363 ,1248 ,1267 ,1344 ,954 ,699 ,539 ,277 ,80 ,5 ,0 ,901 ,85 
19,卵巣,C56,女,2016,13388 ,1 ,10 ,45 ,107 ,167 ,295 ,357 ,559 ,992 ,1376 ,1449 ,1384 ,1338 ,1706 ,1100 ,883 ,755 ,547 ,230 ,79 ,8 ,0 ,864 ,87 
19,卵巣,C56,女,2017,13345 ,5 ,9 ,46 ,102 ,168 ,266 ,343 ,510 ,1000 ,1423 ,1451 ,1363 ,1327 ,1595 ,1179 ,938 ,735 ,555 ,264 ,58 ,8 ,0 ,885 ,66 
19,卵巣,C56,女,2018,13049 ,2 ,14 ,42 ,89 ,195 ,252 ,322 ,472 ,883 ,1439 ,1456 ,1387 ,1300 ,1442 ,1198 ,955 ,737 ,502 ,274 ,79 ,9 ,0 ,864 ,88 
19,卵巣,C56,女,2019,13388 ,5 ,22 ,29 ,95 ,188 ,226 ,335 ,488 ,838 ,1422 ,1599 ,1372 ,1323 ,1493 ,1299 ,1018 ,740 ,537 ,269 ,79 ,11 ,0 ,896 ,90 
19,卵巣,C56,女,2020,12738 ,3 ,5 ,34 ,97 ,172 ,201 ,304 ,450 ,809 ,1363 ,1524 ,1363 ,1248 ,1267 ,1344 ,954 ,699 ,539 ,277 ,80 ,5 ,0 ,901 ,85 
20,前立腺,C61,総数,2016,89717 ,3 ,0 ,0 ,2 ,3 ,1 ,3 ,3 ,36 ,151 ,945 ,2801 ,7344 ,17482 ,19748 ,18815 ,13122 ,6678 ,2140 ,394 ,46 ,0 ,9258 ,440 
20,前立腺,C61,総数,2017,91215 ,3 ,0 ,0 ,1 ,2 ,2 ,2 ,9 ,35 ,197 ,941 ,2805 ,6863 ,16951 ,19821 ,19602 ,13960 ,7297 ,2260 ,423 ,41 ,0 ,10021 ,464 
20,前立腺,C61,総数,2018,92021 ,1 ,0 ,0 ,2 ,3 ,1 ,2 ,4 ,35 ,184 ,978 ,2869 ,6791 ,15980 ,20604 ,20078 ,13981 ,7508 ,2529 ,430 ,41 ,0 ,10508 ,471 
20,前立腺,C61,総数,2019,94749 ,2 ,0 ,1 ,1 ,1 ,1 ,0 ,5 ,36 ,184 ,1002 ,2901 ,6966 ,14703 ,22035 ,21390 ,14256 ,7910 ,2823 ,481 ,51 ,0 ,11265 ,532 
20,前立腺,C61,総数,2020,87756 ,3 ,1 ,0 ,1 ,1 ,4 ,1 ,4 ,22 ,164 ,843 ,2645 ,5969 ,12586 ,20905 ,19930 ,13735 ,7727 ,2680 ,494 ,41 ,0 ,10942 ,535 
20,前立腺,C61,男,2016,89717 ,3 ,0 ,0 ,2 ,3 ,1 ,3 ,3 ,36 ,151 ,945 ,2801 ,7344 ,17482 ,19748 ,18815 ,13122 ,6678 ,2140 ,394 ,46 ,0 ,9258 ,440 
20,前立腺,C61,男,2017,91215 ,3 ,0 ,0 ,1 ,2 ,2 ,2 ,9 ,35 ,197 ,941 ,2805 ,6863 ,16951 ,19821 ,19602 ,13960 ,7297 ,2260 ,423 ,41 ,0 ,10021 ,464 
20,前立腺,C61,男,2018,92021 ,1 ,0 ,0 ,2 ,3 ,1 ,2 ,4 ,35 ,184 ,978 ,2869 ,6791 ,15980 ,20604 ,20078 ,13981 ,7508 ,2529 ,430 ,41 ,0 ,10508 ,471 
20,前立腺,C61,男,2019,94748 ,2 ,0 ,1 ,1 ,1 ,1 ,0 ,5 ,36 ,184 ,1002 ,2901 ,6966 ,14703 ,22035 ,21390 ,14256 ,7910 ,2822 ,481 ,51 ,0 ,11264 ,532 
20,前立腺,C61,男,2020,87756 ,3 ,1 ,0 ,1 ,1 ,4 ,1 ,4 ,22 ,164 ,843 ,2645 ,5969 ,12586 ,20905 ,19930 ,13735 ,7727 ,2680 ,494 ,41 ,0 ,10942 ,535 
21,膀胱,C67,総数,2016,23422 ,3 ,2 ,2 ,0 ,6 ,6 ,17 ,51 ,127 ,212 ,482 ,835 ,1621 ,3323 ,3510 ,3974 ,4082 ,3206 ,1520 ,381 ,62 ,0 ,5169 ,443 
21,膀胱,C67,総数,2017,23039 ,4 ,0 ,1 ,2 ,4 ,8 ,13 ,43 ,123 ,227 ,412 ,771 ,1505 ,3316 ,3432 ,3944 ,4005 ,3261 ,1562 ,357 ,48 ,1 ,5228 ,405 
21,膀胱,C67,総数,2018,23230 ,3 ,0 ,1 ,1 ,5 ,4 ,18 ,36 ,115 ,249 ,395 ,766 ,1432 ,3077 ,3523 ,3998 ,4029 ,3458 ,1602 ,465 ,53 ,0 ,5578 ,518 
21,膀胱,C67,総数,2019,23383 ,2 ,0 ,0 ,2 ,4 ,8 ,12 ,36 ,92 ,230 ,417 ,720 ,1330 ,2728 ,3895 ,4276 ,3979 ,3359 ,1819 ,422 ,52 ,0 ,5652 ,474 
21,膀胱,C67,総数,2020,23185 ,1 ,0 ,1 ,0 ,2 ,7 ,15 ,31 ,80 ,222 ,362 ,684 ,1354 ,2484 ,4115 ,4256 ,3900 ,3304 ,1790 ,521 ,56 ,0 ,5671 ,577 
21,膀胱,C67,男,2016,17719 ,2 ,1 ,2 ,0 ,4 ,6 ,13 ,33 ,91 ,148 ,394 ,688 ,1374 ,2774 ,2831 ,3071 ,3016 ,2190 ,891 ,169 ,21 ,0 ,3271 ,190 
21,膀胱,C67,男,2017,17294 ,3 ,0 ,0 ,2 ,3 ,7 ,9 ,33 ,95 ,175 ,325 ,627 ,1254 ,2788 ,2744 ,3086 ,2893 ,2164 ,896 ,174 ,15 ,1 ,3249 ,189 
21,膀胱,C67,男,2018,17555 ,2 ,0 ,1 ,0 ,3 ,2 ,13 ,24 ,81 ,179 ,337 ,630 ,1201 ,2539 ,2890 ,3135 ,3006 ,2345 ,930 ,217 ,20 ,0 ,3512 ,237 
21,膀胱,C67,男,2019,17498 ,2 ,0 ,0 ,2 ,3 ,6 ,7 ,25 ,62 ,182 ,322 ,579 ,1109 ,2251 ,3147 ,3288 ,2921 ,2301 ,1077 ,191 ,23 ,0 ,3592 ,214 
21,膀胱,C67,男,2020,17424 ,1 ,0 ,1 ,0 ,0 ,4 ,10 ,17 ,47 ,167 ,293 ,554 ,1112 ,2041 ,3364 ,3344 ,2867 ,2270 ,1066 ,244 ,22 ,0 ,3602 ,266 
21,膀胱,C67,女,2016,5703 ,1 ,1 ,0 ,0 ,2 ,0 ,4 ,18 ,36 ,64 ,88 ,147 ,247 ,549 ,679 ,903 ,1066 ,1016 ,629 ,212 ,41 ,0 ,1898 ,253 
21,膀胱,C67,女,2017,5745 ,1 ,0 ,1 ,0 ,1 ,1 ,4 ,10 ,28 ,52 ,87 ,144 ,251 ,528 ,688 ,858 ,1112 ,1097 ,666 ,183 ,33 ,0 ,1979 ,216 
21,膀胱,C67,女,2018,5675 ,1 ,0 ,0 ,1 ,2 ,2 ,5 ,12 ,34 ,70 ,58 ,136 ,231 ,538 ,633 ,863 ,1023 ,1113 ,672 ,248 ,33 ,0 ,2066 ,281 
21,膀胱,C67,女,2019,5885 ,0 ,0 ,0 ,0 ,1 ,2 ,5 ,11 ,30 ,48 ,95 ,141 ,221 ,477 ,748 ,988 ,1058 ,1058 ,742 ,231 ,29 ,0 ,2060 ,260 
21,膀胱,C67,女,2020,5761 ,0 ,0 ,0 ,0 ,2 ,3 ,5 ,14 ,33 ,55 ,69 ,130 ,242 ,443 ,751 ,912 ,1033 ,1034 ,724 ,277 ,34 ,0 ,2069 ,311 
22,腎・尿路（膀胱除く）,C64-C66 C68,総数,2016,29152 ,51 ,10 ,4 ,3 ,14 ,35 ,108 ,292 ,586 ,982 ,1296 ,1923 ,2855 ,4791 ,4279 ,4277 ,4085 ,2377 ,939 ,213 ,32 ,0 ,3561 ,245 
22,腎・尿路（膀胱除く）,C64-C66 C68,総数,2017,29572 ,53 ,12 ,4 ,8 ,14 ,33 ,124 ,282 ,580 ,1009 ,1366 ,1875 ,2849 ,4633 ,4511 ,4453 ,4045 ,2419 ,1037 ,236 ,29 ,0 ,3721 ,265 
22,腎・尿路（膀胱除く）,C64-C66 C68,総数,2018,29763 ,35 ,8 ,3 ,9 ,12 ,39 ,89 ,271 ,586 ,993 ,1220 ,1858 ,2610 ,4469 ,4756 ,4594 ,4187 ,2621 ,1129 ,246 ,28 ,0 ,4024 ,274 
22,腎・尿路（膀胱除く）,C64-C66 C68,総数,2019,30458 ,33 ,9 ,7 ,3 ,13 ,36 ,84 ,240 ,570 ,974 ,1425 ,1841 ,2654 ,4141 ,5088 ,4878 ,4103 ,2808 ,1248 ,278 ,25 ,0 ,4359 ,303 
22,腎・尿路（膀胱除く）,C64-C66 C68,総数,2020,29141 ,56 ,7 ,2 ,11 ,18 ,31 ,84 ,218 ,482 ,902 ,1322 ,1709 ,2348 ,3716 ,5275 ,4745 ,3983 ,2700 ,1197 ,311 ,24 ,0 ,4232 ,335 
22,腎・尿路（膀胱除く）,C64-C66 C68,男,2016,19794 ,28 ,6 ,3 ,2 ,5 ,18 ,73 ,204 ,424 ,731 ,977 ,1461 ,2163 ,3508 ,3035 ,2866 ,2534 ,1276 ,399 ,69 ,12 ,0 ,1756 ,81 
22,腎・尿路（膀胱除く）,C64-C66 C68,男,2017,20060 ,30 ,5 ,3 ,4 ,11 ,26 ,79 ,191 ,422 ,750 ,1033 ,1387 ,2130 ,3403 ,3158 ,3006 ,2531 ,1342 ,464 ,78 ,7 ,0 ,1891 ,85 
22,腎・尿路（膀胱除く）,C64-C66 C68,男,2018,20193 ,16 ,7 ,2 ,3 ,4 ,25 ,64 ,195 ,419 ,738 ,918 ,1376 ,1949 ,3294 ,3342 ,3063 ,2628 ,1504 ,549 ,88 ,9 ,0 ,2150 ,97 
22,腎・尿路（膀胱除く）,C64-C66 C68,男,2019,20678 ,16 ,3 ,4 ,1 ,6 ,27 ,56 ,168 ,393 ,689 ,1036 ,1365 ,1986 ,3057 ,3671 ,3328 ,2601 ,1556 ,616 ,88 ,11 ,0 ,2271 ,99 
22,腎・尿路（膀胱除く）,C64-C66 C68,男,2020,19660 ,27 ,3 ,0 ,4 ,10 ,22 ,53 ,156 ,341 ,673 ,971 ,1298 ,1776 ,2718 ,3736 ,3244 ,2483 ,1482 ,550 ,107 ,6 ,0 ,2145 ,113 
22,腎・尿路（膀胱除く）,C64-C66 C68,女,2016,9357 ,23 ,4 ,1 ,1 ,9 ,17 ,35 ,88 ,162 ,251 ,319 ,462 ,692 ,1283 ,1244 ,1411 ,1550 ,1101 ,540 ,144 ,20 ,0 ,1805 ,164 
22,腎・尿路（膀胱除く）,C64-C66 C68,女,2017,9511 ,23 ,7 ,1 ,4 ,3 ,7 ,45 ,91 ,158 ,259 ,333 ,488 ,719 ,1230 ,1353 ,1447 ,1514 ,1076 ,573 ,158 ,22 ,0 ,1829 ,180 
22,腎・尿路（膀胱除く）,C64-C66 C68,女,2018,9569 ,19 ,1 ,1 ,6 ,8 ,14 ,25 ,76 ,167 ,255 ,302 ,482 ,661 ,1175 ,1413 ,1531 ,1559 ,1117 ,580 ,158 ,19 ,0 ,1874 ,177 
22,腎・尿路（膀胱除く）,C64-C66 C68,女,2019,9780 ,17 ,6 ,3 ,2 ,7 ,9 ,28 ,72 ,177 ,285 ,389 ,476 ,668 ,1084 ,1417 ,1550 ,1502 ,1252 ,632 ,190 ,14 ,0 ,2088 ,204 
22,腎・尿路（膀胱除く）,C64-C66 C68,女,2020,9481 ,29 ,4 ,2 ,7 ,8 ,9 ,31 ,62 ,141 ,229 ,351 ,411 ,572 ,998 ,1539 ,1501 ,1500 ,1218 ,647 ,204 ,18 ,0 ,2087 ,222 
23,脳・中枢神経系,C70-C72,総数,2016,6227 ,112 ,113 ,100 ,92 ,112 ,159 ,205 ,260 ,338 ,314 ,363 ,344 ,492 ,778 ,681 ,682 ,553 ,364 ,130 ,32 ,3 ,0 ,529 ,35 
23,脳・中枢神経系,C70-C72,総数,2017,5778 ,122 ,118 ,113 ,89 ,101 ,108 ,176 ,212 ,308 ,320 ,302 ,345 ,467 ,675 ,627 ,619 ,560 ,354 ,134 ,24 ,4 ,0 ,516 ,28 
23,脳・中枢神経系,C70-C72,総数,2018,5936 ,111 ,123 ,98 ,82 ,93 ,106 ,179 ,222 ,276 ,302 ,352 ,361 ,451 ,658 ,640 ,678 ,561 ,439 ,172 ,30 ,2 ,0 ,643 ,32 
23,脳・中枢神経系,C70-C72,総数,2019,5849 ,118 ,106 ,104 ,107 ,113 ,108 ,160 ,208 ,285 ,333 ,327 ,330 ,417 ,548 ,684 ,732 ,554 ,393 ,194 ,26 ,2 ,0 ,615 ,28 
23,脳・中枢神経系,C70-C72,総数,2020,5714 ,107 ,126 ,88 ,89 ,83 ,100 ,151 ,199 ,265 ,318 ,304 ,304 ,415 ,553 ,694 ,696 ,616 ,395 ,168 ,40 ,3 ,0 ,606 ,43 
23,脳・中枢神経系,C70-C72,男,2016,3403 ,60 ,71 ,60 ,47 ,64 ,84 ,114 ,153 ,209 ,173 ,208 ,186 ,269 ,453 ,377 ,370 ,273 ,174 ,46 ,10 ,2 ,0 ,232 ,12 
23,脳・中枢神経系,C70-C72,男,2017,3108 ,66 ,63 ,57 ,54 ,51 ,59 ,99 ,116 ,183 ,183 ,174 ,203 ,257 ,368 ,358 ,314 ,288 ,161 ,46 ,6 ,2 ,0 ,215 ,8 
23,脳・中枢神経系,C70-C72,男,2018,3169 ,61 ,58 ,60 ,45 ,56 ,61 ,107 ,126 ,171 ,162 ,203 ,215 ,251 ,347 ,330 ,381 ,271 ,195 ,60 ,9 ,0 ,0 ,264 ,9 
23,脳・中枢神経系,C70-C72,男,2019,3116 ,57 ,49 ,72 ,59 ,66 ,59 ,70 ,125 ,159 ,187 ,188 ,210 ,224 ,306 ,391 ,375 ,270 ,170 ,71 ,7 ,1 ,0 ,249 ,8 
23,脳・中枢神経系,C70-C72,男,2020,3077 ,60 ,61 ,50 ,45 ,44 ,57 ,85 ,111 ,152 ,189 ,164 ,162 ,224 ,302 ,383 ,373 ,332 ,199 ,66 ,17 ,1 ,0 ,283 ,18 
23,脳・中枢神経系,C70-C72,女,2016,2824 ,52 ,42 ,40 ,45 ,48 ,75 ,91 ,107 ,129 ,141 ,155 ,158 ,223 ,325 ,304 ,312 ,280 ,190 ,84 ,22 ,1 ,0 ,297 ,23 
23,脳・中枢神経系,C70-C72,女,2017,2670 ,56 ,55 ,56 ,35 ,50 ,49 ,77 ,96 ,125 ,137 ,128 ,142 ,210 ,307 ,269 ,305 ,272 ,193 ,88 ,18 ,2 ,0 ,301 ,20 
23,脳・中枢神経系,C70-C72,女,2018,2766 ,50 ,65 ,38 ,37 ,37 ,45 ,72 ,96 ,105 ,140 ,149 ,146 ,200 ,311 ,310 ,297 ,290 ,243 ,112 ,21 ,2 ,0 ,378 ,23 
23,脳・中枢神経系,C70-C72,女,2019,2733 ,61 ,57 ,32 ,48 ,47 ,49 ,90 ,83 ,126 ,146 ,139 ,120 ,193 ,242 ,293 ,357 ,284 ,223 ,123 ,19 ,1 ,0 ,366 ,20 
23,脳・中枢神経系,C70-C72,女,2020,2636 ,47 ,65 ,38 ,43 ,39 ,43 ,66 ,88 ,113 ,129 ,140 ,142 ,191 ,251 ,311 ,323 ,284 ,196 ,102 ,23 ,2 ,0 ,323 ,25 
24,甲状腺,C73,総数,2016,18807 ,4 ,6 ,20 ,107 ,270 ,440 ,713 ,1070 ,1492 ,1498 ,1593 ,1648 ,1853 ,2635 ,1929 ,1571 ,1087 ,563 ,243 ,55 ,10 ,0 ,871 ,65 
24,甲状腺,C73,総数,2017,18090 ,1 ,3 ,22 ,129 ,274 ,461 ,693 ,1070 ,1442 ,1534 ,1452 ,1538 ,1643 ,2456 ,1939 ,1496 ,1022 ,595 ,238 ,72 ,10 ,0 ,915 ,82 
24,甲状腺,C73,総数,2018,18636 ,1 ,3 ,28 ,109 ,307 ,498 ,755 ,991 ,1341 ,1611 ,1681 ,1628 ,1552 ,2215 ,2166 ,1662 ,1172 ,592 ,245 ,70 ,9 ,0 ,916 ,79 
24,甲状腺,C73,総数,2019,18780 ,1 ,4 ,26 ,130 ,305 ,469 ,675 ,1050 ,1459 ,1683 ,1664 ,1543 ,1643 ,2086 ,2311 ,1738 ,1076 ,566 ,269 ,70 ,11 ,1 ,916 ,81 
24,甲状腺,C73,総数,2020,16427 ,0 ,7 ,26 ,78 ,245 ,407 ,658 ,863 ,1156 ,1492 ,1514 ,1432 ,1471 ,1574 ,2096 ,1474 ,944 ,626 ,283 ,73 ,8 ,0 ,990 ,81 
24,甲状腺,C73,男,2016,4772 ,2 ,1 ,11 ,18 ,59 ,78 ,152 ,222 ,343 ,405 ,416 ,429 ,505 ,769 ,494 ,398 ,296 ,132 ,35 ,7 ,0 ,0 ,174 ,7 
24,甲状腺,C73,男,2017,4642 ,1 ,1 ,7 ,26 ,59 ,81 ,129 ,211 ,317 ,400 ,390 ,401 ,441 ,713 ,566 ,439 ,285 ,128 ,41 ,6 ,0 ,0 ,175 ,6 
24,甲状腺,C73,男,2018,4790 ,0 ,0 ,7 ,27 ,43 ,86 ,161 ,211 ,290 ,439 ,421 ,448 ,423 ,622 ,643 ,458 ,308 ,149 ,48 ,6 ,0 ,0 ,203 ,6 
24,甲状腺,C73,男,2019,4888 ,0 ,3 ,9 ,36 ,54 ,81 ,134 ,225 ,357 ,432 ,408 ,419 ,460 ,643 ,609 ,496 ,322 ,144 ,49 ,7 ,0 ,0 ,200 ,7 
24,甲状腺,C73,男,2020,4509 ,0 ,2 ,8 ,15 ,44 ,75 ,143 ,183 ,283 ,414 ,375 ,444 ,448 ,487 ,620 ,450 ,292 ,155 ,57 ,13 ,1 ,0 ,226 ,14 
24,甲状腺,C73,女,2016,14035 ,2 ,5 ,9 ,89 ,211 ,362 ,561 ,848 ,1149 ,1093 ,1177 ,1219 ,1348 ,1866 ,1435 ,1173 ,791 ,431 ,208 ,48 ,10 ,0 ,697 ,58 
24,甲状腺,C73,女,2017,13448 ,0 ,2 ,15 ,103 ,215 ,380 ,564 ,859 ,1125 ,1134 ,1062 ,1137 ,1202 ,1743 ,1373 ,1057 ,737 ,467 ,197 ,66 ,10 ,0 ,740 ,76 
24,甲状腺,C73,女,2018,13846 ,1 ,3 ,21 ,82 ,264 ,412 ,594 ,780 ,1051 ,1172 ,1260 ,1180 ,1129 ,1593 ,1523 ,1204 ,864 ,443 ,197 ,64 ,9 ,0 ,713 ,73 
24,甲状腺,C73,女,2019,13892 ,1 ,1 ,17 ,94 ,251 ,388 ,541 ,825 ,1102 ,1251 ,1256 ,1124 ,1183 ,1443 ,1702 ,1242 ,754 ,422 ,220 ,63 ,11 ,1 ,716 ,74 
24,甲状腺,C73,女,2020,11918 ,0 ,5 ,18 ,63 ,201 ,332 ,515 ,680 ,873 ,1078 ,1139 ,988 ,1023 ,1087 ,1476 ,1024 ,652 ,471 ,226 ,60 ,7 ,0 ,764 ,67 
25,悪性リンパ腫,C81-C85 C96,総数,2016,34240 ,86 ,61 ,84 ,120 ,157 ,228 ,319 ,406 ,683 ,953 ,1433 ,2189 ,3073 ,5164 ,4882 ,5060 ,4952 ,3038 ,1097 ,235 ,20 ,0 ,4390 ,255 
25,悪性リンパ腫,C81-C85 C96,総数,2017,34571 ,68 ,75 ,95 ,113 ,171 ,209 ,302 ,420 ,682 ,984 ,1365 ,2200 ,2990 ,5120 ,5051 ,5316 ,4878 ,2997 ,1242 ,261 ,32 ,0 ,4532 ,293 
25,悪性リンパ腫,C81-C85 C96,総数,2018,35782 ,80 ,84 ,83 ,136 ,148 ,229 ,291 ,397 ,676 ,1010 ,1355 ,2137 ,3033 ,4863 ,5548 ,5513 ,5159 ,3368 ,1328 ,319 ,25 ,0 ,5040 ,344 
25,悪性リンパ腫,C81-C85 C96,総数,2019,36638 ,73 ,75 ,104 ,120 ,174 ,202 ,280 ,448 ,597 ,1031 ,1347 ,2057 ,3085 ,4550 ,5882 ,6033 ,5223 ,3508 ,1504 ,314 ,31 ,0 ,5357 ,345 
25,悪性リンパ腫,C81-C85 C96,総数,2020,35997 ,69 ,80 ,103 ,124 ,186 ,232 ,271 ,390 ,627 ,993 ,1312 ,1992 ,2816 ,4241 ,6030 ,5739 ,5165 ,3744 ,1528 ,319 ,36 ,0 ,5627 ,355 
25,悪性リンパ腫,C81-C85 C96,男,2016,18295 ,53 ,45 ,50 ,81 ,87 ,114 ,166 ,212 ,374 ,508 ,775 ,1201 ,1669 ,2813 ,2760 ,2805 ,2646 ,1461 ,397 ,73 ,5 ,0 ,1936 ,78 
25,悪性リンパ腫,C81-C85 C96,男,2017,18522 ,47 ,48 ,62 ,77 ,99 ,103 ,137 ,243 ,375 ,511 ,690 ,1194 ,1665 ,2827 ,2794 ,3034 ,2614 ,1449 ,467 ,75 ,11 ,0 ,2002 ,86 
25,悪性リンパ腫,C81-C85 C96,男,2018,19106 ,42 ,53 ,58 ,81 ,81 ,120 ,146 ,229 ,389 ,551 ,713 ,1202 ,1674 ,2743 ,3091 ,2986 ,2707 ,1620 ,520 ,94 ,6 ,0 ,2240 ,100 
25,悪性リンパ腫,C81-C85 C96,男,2019,19311 ,39 ,53 ,67 ,69 ,98 ,103 ,144 ,243 ,339 ,544 ,701 ,1105 ,1692 ,2481 ,3225 ,3239 ,2779 ,1686 ,589 ,107 ,8 ,0 ,2390 ,115 
25,悪性リンパ腫,C81-C85 C96,男,2020,19246 ,42 ,49 ,76 ,72 ,106 ,117 ,143 ,182 ,334 ,556 ,710 ,1083 ,1570 ,2345 ,3385 ,3129 ,2836 ,1791 ,624 ,88 ,8 ,0 ,2511 ,96 
25,悪性リンパ腫,C81-C85 C96,女,2016,15945 ,33 ,16 ,34 ,39 ,70 ,114 ,153 ,194 ,309 ,445 ,658 ,988 ,1404 ,2351 ,2122 ,2255 ,2306 ,1577 ,700 ,162 ,15 ,0 ,2454 ,177 
25,悪性リンパ腫,C81-C85 C96,女,2017,16046 ,21 ,27 ,33 ,36 ,72 ,106 ,165 ,177 ,307 ,473 ,675 ,1006 ,1325 ,2293 ,2256 ,2282 ,2264 ,1548 ,773 ,186 ,21 ,0 ,2528 ,207 
25,悪性リンパ腫,C81-C85 C96,女,2018,16670 ,38 ,31 ,25 ,55 ,67 ,109 ,145 ,168 ,287 ,459 ,642 ,935 ,1359 ,2119 ,2457 ,2527 ,2450 ,1746 ,807 ,225 ,19 ,0 ,2797 ,244 
25,悪性リンパ腫,C81-C85 C96,女,2019,17325 ,34 ,22 ,37 ,51 ,76 ,99 ,136 ,205 ,258 ,487 ,646 ,952 ,1393 ,2069 ,2657 ,2794 ,2443 ,1821 ,915 ,207 ,23 ,0 ,2966 ,230 
25,悪性リンパ腫,C81-C85 C96,女,2020,16751 ,27 ,31 ,27 ,52 ,80 ,115 ,128 ,208 ,293 ,437 ,602 ,909 ,1246 ,1896 ,2645 ,2610 ,2329 ,1953 ,904 ,231 ,28 ,0 ,3116 ,259 
26,多発性骨髄腫,C88-C90,総数,2016,7525 ,0 ,0 ,0 ,2 ,1 ,0 ,3 ,25 ,71 ,141 ,221 ,346 ,582 ,1140 ,1160 ,1245 ,1300 ,904 ,312 ,65 ,7 ,0 ,1288 ,72 
26,多発性骨髄腫,C88-C90,総数,2017,7880 ,0 ,0 ,0 ,0 ,2 ,4 ,10 ,21 ,73 ,136 ,244 ,328 ,586 ,1153 ,1239 ,1395 ,1427 ,869 ,323 ,60 ,10 ,0 ,1262 ,70 
26,多発性骨髄腫,C88-C90,総数,2018,7765 ,1 ,0 ,0 ,2 ,0 ,5 ,10 ,25 ,66 ,140 ,239 ,364 ,568 ,1074 ,1267 ,1398 ,1314 ,922 ,299 ,63 ,8 ,0 ,1292 ,71 
26,多発性骨髄腫,C88-C90,総数,2019,7591 ,1 ,0 ,0 ,1 ,2 ,6 ,4 ,26 ,63 ,150 ,218 ,330 ,500 ,916 ,1270 ,1434 ,1268 ,954 ,376 ,66 ,6 ,0 ,1402 ,72 
26,多発性骨髄腫,C88-C90,総数,2020,7269 ,0 ,0 ,0 ,1 ,0 ,1 ,4 ,22 ,38 ,133 ,220 ,339 ,460 ,877 ,1338 ,1363 ,1225 ,842 ,327 ,76 ,3 ,0 ,1248 ,79 
26,多発性骨髄腫,C88-C90,男,2016,3894 ,0 ,0 ,0 ,2 ,0 ,0 ,1 ,12 ,54 ,76 ,132 ,195 ,330 ,637 ,633 ,648 ,637 ,409 ,110 ,16 ,2 ,0 ,537 ,18 
26,多発性骨髄腫,C88-C90,男,2017,4191 ,0 ,0 ,0 ,0 ,1 ,3 ,6 ,15 ,44 ,76 ,152 ,187 ,350 ,663 ,646 ,752 ,729 ,416 ,133 ,17 ,1 ,0 ,567 ,18 
26,多発性骨髄腫,C88-C90,男,2018,4126 ,1 ,0 ,0 ,1 ,0 ,2 ,4 ,13 ,42 ,89 ,151 ,221 ,317 ,580 ,702 ,766 ,662 ,429 ,115 ,29 ,2 ,0 ,575 ,31 
26,多発性骨髄腫,C88-C90,男,2019,4052 ,0 ,0 ,0 ,1 ,1 ,5 ,2 ,13 ,36 ,84 ,135 ,196 ,288 ,495 ,719 ,764 ,687 ,433 ,168 ,21 ,4 ,0 ,626 ,25 
26,多発性骨髄腫,C88-C90,男,2020,3920 ,0 ,0 ,0 ,1 ,0 ,0 ,2 ,13 ,28 ,82 ,137 ,198 ,270 ,502 ,753 ,745 ,650 ,396 ,121 ,22 ,0 ,0 ,539 ,22 
26,多発性骨髄腫,C88-C90,女,2016,3631 ,0 ,0 ,0 ,0 ,1 ,0 ,2 ,13 ,17 ,65 ,89 ,151 ,252 ,503 ,527 ,597 ,663 ,495 ,202 ,49 ,5 ,0 ,751 ,54 
26,多発性骨髄腫,C88-C90,女,2017,3689 ,0 ,0 ,0 ,0 ,1 ,1 ,4 ,6 ,29 ,60 ,92 ,141 ,236 ,490 ,593 ,643 ,698 ,453 ,190 ,43 ,9 ,0 ,695 ,52 
26,多発性骨髄腫,C88-C90,女,2018,3639 ,0 ,0 ,0 ,1 ,0 ,3 ,6 ,12 ,24 ,51 ,88 ,143 ,251 ,494 ,565 ,632 ,652 ,493 ,184 ,34 ,6 ,0 ,717 ,40 
26,多発性骨髄腫,C88-C90,女,2019,3539 ,1 ,0 ,0 ,0 ,1 ,1 ,2 ,13 ,27 ,66 ,83 ,134 ,212 ,421 ,551 ,670 ,581 ,521 ,208 ,45 ,2 ,0 ,776 ,47 
26,多発性骨髄腫,C88-C90,女,2020,3349 ,0 ,0 ,0 ,0 ,0 ,1 ,2 ,9 ,10 ,51 ,83 ,141 ,190 ,375 ,585 ,618 ,575 ,446 ,206 ,54 ,3 ,0 ,709 ,57 
27,白血病,C91-C95,総数,2016,13789 ,384 ,229 ,156 ,191 ,215 ,217 ,261 ,333 ,505 ,532 ,646 ,737 ,1103 ,1800 ,1561 ,1694 ,1611 ,1095 ,419 ,91 ,9 ,0 ,1614 ,100 
27,白血病,C91-C95,総数,2017,13820 ,360 ,230 ,186 ,163 ,176 ,227 ,237 ,346 ,490 ,547 ,685 ,799 ,1086 ,1662 ,1643 ,1708 ,1616 ,1081 ,467 ,100 ,11 ,0 ,1659 ,111 
27,白血病,C91-C95,総数,2018,14287 ,349 ,208 ,203 ,213 ,206 ,188 ,257 ,307 ,470 ,635 ,659 ,830 ,1086 ,1593 ,1850 ,1784 ,1654 ,1159 ,515 ,108 ,13 ,0 ,1795 ,121 
27,白血病,C91-C95,総数,2019,14318 ,354 ,224 ,164 ,174 ,215 ,197 ,246 ,304 ,457 ,627 ,657 ,811 ,1002 ,1531 ,1835 ,1877 ,1679 ,1237 ,586 ,130 ,11 ,0 ,1964 ,141 
27,白血病,C91-C95,総数,2020,14272 ,335 ,203 ,176 ,174 ,198 ,228 ,245 ,290 ,431 ,612 ,668 ,806 ,983 ,1408 ,1942 ,1911 ,1671 ,1267 ,599 ,112 ,13 ,0 ,1991 ,125 
27,白血病,C91-C95,男,2016,8143 ,223 ,132 ,84 ,126 ,134 ,132 ,146 ,193 ,296 ,308 ,361 ,425 ,654 ,1150 ,989 ,1069 ,942 ,578 ,173 ,24 ,4 ,0 ,779 ,28 
27,白血病,C91-C95,男,2017,8038 ,194 ,143 ,107 ,83 ,106 ,123 ,134 ,189 ,266 ,326 ,392 ,475 ,678 ,1048 ,1036 ,1051 ,925 ,551 ,186 ,23 ,2 ,0 ,762 ,25 
27,白血病,C91-C95,男,2018,8359 ,190 ,122 ,117 ,123 ,136 ,118 ,147 ,181 ,276 ,367 ,390 ,509 ,664 ,973 ,1175 ,1068 ,944 ,601 ,222 ,35 ,1 ,0 ,859 ,36 
27,白血病,C91-C95,男,2019,8396 ,196 ,129 ,91 ,109 ,135 ,121 ,149 ,174 ,262 ,383 ,404 ,465 ,599 ,950 ,1123 ,1158 ,1001 ,648 ,246 ,49 ,4 ,0 ,947 ,53 
27,白血病,C91-C95,男,2020,8384 ,183 ,105 ,99 ,102 ,112 ,149 ,146 ,163 ,261 ,361 ,401 ,496 ,597 ,898 ,1198 ,1160 ,1008 ,634 ,276 ,32 ,3 ,0 ,945 ,35 
27,白血病,C91-C95,女,2016,5646 ,161 ,97 ,72 ,65 ,81 ,85 ,115 ,140 ,209 ,224 ,285 ,312 ,449 ,650 ,572 ,625 ,669 ,517 ,246 ,67 ,5 ,0 ,835 ,72 
27,白血病,C91-C95,女,2017,5782 ,166 ,87 ,79 ,80 ,70 ,104 ,103 ,157 ,224 ,221 ,293 ,324 ,408 ,614 ,607 ,657 ,691 ,530 ,281 ,77 ,9 ,0 ,897 ,86 
27,白血病,C91-C95,女,2018,5928 ,159 ,86 ,86 ,90 ,70 ,70 ,110 ,126 ,194 ,268 ,269 ,321 ,422 ,620 ,675 ,716 ,710 ,558 ,293 ,73 ,12 ,0 ,936 ,85 
27,白血病,C91-C95,女,2019,5922 ,158 ,95 ,73 ,65 ,80 ,76 ,97 ,130 ,195 ,244 ,253 ,346 ,403 ,581 ,712 ,719 ,678 ,589 ,340 ,81 ,7 ,0 ,1017 ,88 
27,白血病,C91-C95,女,2020,5888 ,152 ,98 ,77 ,72 ,86 ,79 ,99 ,127 ,170 ,251 ,267 ,310 ,386 ,510 ,744 ,751 ,663 ,633 ,323 ,80 ,10 ,0 ,1046 ,90 
67,大腸,C18-C20,総数,2016,158127 ,0 ,0 ,7 ,23 ,64 ,175 ,416 ,1097 ,2383 ,3839 ,5993 ,9200 ,15477 ,26598 ,24409 ,24412 ,21449 ,14236 ,6467 ,1627 ,252 ,3 ,22582 ,1879 
67,大腸,C18-C20,総数,2017,153193 ,1 ,2 ,5 ,19 ,52 ,167 ,415 ,972 ,2259 ,3886 ,5874 ,8589 ,13862 ,24933 ,23967 ,24367 ,21208 ,14072 ,6660 ,1663 ,220 ,0 ,22615 ,1883 
67,大腸,C18-C20,総数,2018,152254 ,2 ,4 ,12 ,25 ,53 ,136 ,420 ,995 ,2103 ,3781 ,5730 ,8695 ,12937 ,23056 ,25110 ,24783 ,21106 ,14416 ,6842 ,1836 ,210 ,2 ,23304 ,2046 
67,大腸,C18-C20,総数,2019,155625 ,0 ,2 ,9 ,16 ,63 ,167 ,425 ,1054 ,2157 ,4058 ,6120 ,8677 ,12807 ,21940 ,26576 ,25692 ,21585 ,14665 ,7474 ,1914 ,224 ,0 ,24277 ,2138 
67,大腸,C18-C20,総数,2020,147725 ,2 ,0 ,10 ,12 ,73 ,153 ,407 ,970 ,1962 ,3822 ,5789 ,8376 ,11624 ,18738 ,26596 ,24377 ,20345 ,14875 ,7286 ,2053 ,255 ,0 ,24469 ,2308 
67,大腸,C18-C20,男,2016,89641 ,0 ,0 ,4 ,10 ,36 ,98 ,227 ,580 ,1258 ,2124 ,3426 ,5590 ,9835 ,17146 ,15258 ,14220 ,11156 ,6211 ,2047 ,371 ,42 ,2 ,8671 ,413 
67,大腸,C18-C20,男,2017,87019 ,1 ,1 ,2 ,9 ,29 ,92 ,221 ,479 ,1225 ,2250 ,3396 ,5244 ,8951 ,16029 ,15013 ,14339 ,11134 ,6053 ,2181 ,343 ,27 ,0 ,8604 ,370 
67,大腸,C18-C20,男,2018,86414 ,0 ,1 ,6 ,15 ,36 ,65 ,246 ,557 ,1153 ,2144 ,3228 ,5358 ,8343 ,14866 ,15695 ,14581 ,11134 ,6290 ,2277 ,379 ,38 ,2 ,8984 ,417 
67,大腸,C18-C20,男,2019,87872 ,0 ,0 ,7 ,10 ,38 ,89 ,236 ,570 ,1179 ,2222 ,3543 ,5356 ,8127 ,14045 ,16562 ,15153 ,11320 ,6478 ,2480 ,420 ,37 ,0 ,9415 ,457 
67,大腸,C18-C20,男,2020,82809 ,1 ,0 ,4 ,7 ,36 ,82 ,215 ,488 ,1051 ,2105 ,3385 ,5171 ,7335 ,12040 ,16704 ,14211 ,10743 ,6364 ,2351 ,471 ,45 ,0 ,9231 ,516 
67,大腸,C18-C20,女,2016,68476 ,0 ,0 ,3 ,13 ,28 ,77 ,189 ,516 ,1125 ,1714 ,2567 ,3610 ,5642 ,9450 ,9151 ,10189 ,10292 ,8024 ,4419 ,1256 ,210 ,1 ,13909 ,1466 
67,大腸,C18-C20,女,2017,66170 ,0 ,1 ,3 ,10 ,23 ,75 ,194 ,493 ,1034 ,1636 ,2478 ,3345 ,4911 ,8904 ,8954 ,10027 ,10074 ,8016 ,4479 ,1320 ,193 ,0 ,14008 ,1513 
67,大腸,C18-C20,女,2018,65840 ,2 ,3 ,6 ,10 ,17 ,71 ,174 ,438 ,950 ,1637 ,2502 ,3337 ,4594 ,8190 ,9415 ,10202 ,9972 ,8126 ,4565 ,1457 ,172 ,0 ,14320 ,1629 
67,大腸,C18-C20,女,2019,67753 ,0 ,2 ,2 ,6 ,25 ,78 ,189 ,484 ,978 ,1836 ,2577 ,3321 ,4680 ,7895 ,10014 ,10539 ,10265 ,8187 ,4994 ,1494 ,187 ,0 ,14862 ,1681 
67,大腸,C18-C20,女,2020,64915 ,1 ,0 ,6 ,5 ,37 ,71 ,192 ,482 ,911 ,1717 ,2404 ,3205 ,4289 ,6697 ,9892 ,10166 ,9602 ,8511 ,4935 ,1582 ,210 ,0 ,15238 ,1792 
101,全部位（上皮内がん含む）,C00-C96 D00-D09,総数,2016,1111950 ,1007 ,546 ,595 ,998 ,2164 ,5204 ,10583 ,17002 ,29527 ,38837 ,45749 ,62291 ,99150 ,175021 ,168571 ,167313 ,144749 ,92573 ,38845 ,9806 ,1411 ,8 ,142635 ,11217 
101,全部位（上皮内がん含む）,C00-C96 D00-D09,総数,2017,1093280 ,1002 ,561 ,676 ,951 ,2113 ,5146 ,10159 ,16272 ,28150 ,39168 ,44740 ,59674 ,91599 ,166349 ,167347 ,170307 ,144334 ,92857 ,40554 ,9986 ,1330 ,5 ,144727 ,11316 
101,全部位（上皮内がん含む）,C00-C96 D00-D09,総数,2018,1099164 ,897 ,538 ,662 ,988 ,2079 ,5274 ,10228 ,15842 ,27032 ,39548 ,45476 ,59724 ,87590 ,155468 ,176711 ,174057 ,145955 ,96505 ,42424 ,10840 ,1321 ,5 ,151090 ,12161 
101,全部位（上皮内がん含む）,C00-C96 D00-D09,総数,2019,1123038 ,927 ,555 ,641 ,1005 ,2067 ,5131 ,9798 ,15913 ,26859 ,41157 ,47060 ,60182 ,86886 ,145461 ,188171 ,185531 ,147026 ,99321 ,46274 ,11662 ,1410 ,1 ,158667 ,13072 
101,全部位（上皮内がん含む）,C00-C96 D00-D09,総数,2020,1055728 ,888 ,549 ,650 ,905 ,1933 ,4985 ,9356 ,14679 ,24410 ,38322 ,44373 ,56794 ,78778 ,125446 ,184380 ,173729 ,139421 ,97607 ,45152 ,11967 ,1404 ,0 ,156130 ,13371 
101,全部位（上皮内がん含む）,C00-C96 D00-D09,男,2016,621113 ,569 ,321 ,323 ,512 ,758 ,1107 ,1892 ,3506 ,6947 ,10738 ,18067 ,31702 ,58759 ,111555 ,111006 ,107548 ,87308 ,49345 ,15983 ,2857 ,305 ,5 ,68490 ,3162 
101,全部位（上皮内がん含む）,C00-C96 D00-D09,男,2017,613172 ,541 ,321 ,360 ,435 ,705 ,1029 ,1743 ,3212 ,6478 ,11076 ,17492 ,30201 ,54303 ,106463 ,110190 ,110559 ,87828 ,49890 ,17190 ,2877 ,276 ,3 ,70233 ,3153 
101,全部位（上皮内がん含む）,C00-C96 D00-D09,男,2018,613837 ,506 ,284 ,356 ,485 ,701 ,1066 ,1884 ,3206 ,6311 ,10989 ,17301 ,29898 ,51462 ,98942 ,115768 ,112470 ,88593 ,51969 ,18217 ,3134 ,290 ,5 ,73610 ,3424 
101,全部位（上皮内がん含む）,C00-C96 D00-D09,男,2019,623955 ,483 ,303 ,367 ,487 ,716 ,1066 ,1754 ,3253 ,6231 ,11159 ,17810 ,29639 ,50503 ,91896 ,122090 ,119255 ,89203 ,53726 ,20215 ,3454 ,345 ,0 ,77740 ,3799 
101,全部位（上皮内がん含む）,C00-C96 D00-D09,男,2020,586105 ,488 ,286 ,349 ,432 ,667 ,1067 ,1697 ,2923 ,5492 ,10597 ,16586 ,27791 ,45575 ,78837 ,120069 ,111992 ,85099 ,52569 ,19689 ,3614 ,286 ,0 ,76158 ,3900 
101,全部位（上皮内がん含む）,C00-C96 D00-D09,女,2016,490779 ,438 ,225 ,272 ,486 ,1406 ,4097 ,8691 ,13494 ,22580 ,28098 ,27681 ,30588 ,40386 ,63460 ,57560 ,59752 ,57432 ,43217 ,22858 ,6949 ,1106 ,3 ,74130 ,8055 
101,全部位（上皮内がん含む）,C00-C96 D00-D09,女,2017,480093 ,461 ,240 ,316 ,516 ,1408 ,4117 ,8416 ,13060 ,21672 ,28092 ,27248 ,29473 ,37296 ,59883 ,57155 ,59745 ,56506 ,42963 ,23362 ,7108 ,1054 ,2 ,74487 ,8162 
101,全部位（上皮内がん含む）,C00-C96 D00-D09,女,2018,485309 ,391 ,254 ,306 ,503 ,1378 ,4208 ,8344 ,12636 ,20721 ,28559 ,28175 ,29825 ,36128 ,56524 ,60941 ,61587 ,57356 ,44532 ,24204 ,7706 ,1031 ,0 ,77473 ,8737 
101,全部位（上皮内がん含む）,C00-C96 D00-D09,女,2019,499075 ,444 ,252 ,274 ,518 ,1351 ,4065 ,8044 ,12660 ,20628 ,29998 ,29250 ,30543 ,36383 ,53565 ,66078 ,66275 ,57820 ,45594 ,26059 ,8208 ,1065 ,1 ,80926 ,9273 
101,全部位（上皮内がん含む）,C00-C96 D00-D09,女,2020,469620 ,400 ,263 ,301 ,472 ,1266 ,3918 ,7659 ,11756 ,18918 ,27725 ,27787 ,29003 ,33203 ,46608 ,64310 ,61737 ,54322 ,45038 ,25463 ,8353 ,1118 ,0 ,79972 ,9471 
104,食道（上皮内がん含む）,C15 D001,総数,2016,28584 ,0 ,0 ,0 ,0 ,3 ,7 ,11 ,41 ,187 ,382 ,896 ,1832 ,3345 ,5854 ,5733 ,4858 ,3214 ,1625 ,476 ,104 ,15 ,1 ,2220 ,119 
104,食道（上皮内がん含む）,C15 D001,総数,2017,28363 ,0 ,0 ,0 ,1 ,1 ,7 ,16 ,50 ,167 ,409 ,851 ,1750 ,3139 ,5650 ,5557 ,5192 ,3343 ,1611 ,504 ,104 ,11 ,0 ,2230 ,115 
104,食道（上皮内がん含む）,C15 D001,総数,2018,28647 ,0 ,0 ,0 ,0 ,2 ,2 ,16 ,45 ,154 ,448 ,885 ,1779 ,2997 ,5122 ,5916 ,5344 ,3521 ,1717 ,596 ,94 ,9 ,0 ,2416 ,103 
104,食道（上皮内がん含む）,C15 D001,総数,2019,29259 ,0 ,0 ,1 ,1 ,1 ,6 ,12 ,66 ,160 ,440 ,917 ,1721 ,3034 ,4945 ,6088 ,5713 ,3573 ,1904 ,563 ,106 ,8 ,0 ,2581 ,114 
104,食道（上皮内がん含む）,C15 D001,総数,2020,27071 ,0 ,0 ,0 ,2 ,2 ,3 ,14 ,36 ,152 ,445 ,858 ,1663 ,2742 ,4131 ,5807 ,5315 ,3412 ,1747 ,609 ,120 ,13 ,0 ,2489 ,133 
104,食道（上皮内がん含む）,C15 D001,男,2016,23639 ,0 ,0 ,0 ,0 ,1 ,5 ,8 ,26 ,117 ,259 ,677 ,1486 ,2827 ,5068 ,4882 ,4124 ,2617 ,1216 ,276 ,45 ,4 ,1 ,1541 ,49 
104,食道（上皮内がん含む）,C15 D001,男,2017,23462 ,0 ,0 ,0 ,0 ,1 ,4 ,11 ,31 ,99 ,289 ,667 ,1427 ,2633 ,4849 ,4723 ,4402 ,2747 ,1209 ,321 ,46 ,3 ,0 ,1579 ,49 
104,食道（上皮内がん含む）,C15 D001,男,2018,23520 ,0 ,0 ,0 ,0 ,1 ,2 ,12 ,22 ,91 ,300 ,637 ,1435 ,2481 ,4382 ,5080 ,4529 ,2856 ,1270 ,381 ,36 ,5 ,0 ,1692 ,41 
104,食道（上皮内がん含む）,C15 D001,男,2019,23996 ,0 ,0 ,1 ,1 ,1 ,4 ,5 ,38 ,104 ,283 ,697 ,1339 ,2532 ,4174 ,5217 ,4817 ,2897 ,1485 ,349 ,48 ,4 ,0 ,1886 ,52 
104,食道（上皮内がん含む）,C15 D001,男,2020,22116 ,0 ,0 ,0 ,1 ,1 ,2 ,7 ,23 ,93 ,313 ,611 ,1305 ,2274 ,3463 ,4952 ,4495 ,2815 ,1310 ,390 ,57 ,4 ,0 ,1761 ,61 
104,食道（上皮内がん含む）,C15 D001,女,2016,4945 ,0 ,0 ,0 ,0 ,2 ,2 ,3 ,15 ,70 ,123 ,219 ,346 ,518 ,786 ,851 ,734 ,597 ,409 ,200 ,59 ,11 ,0 ,679 ,70 
104,食道（上皮内がん含む）,C15 D001,女,2017,4901 ,0 ,0 ,0 ,1 ,0 ,3 ,5 ,19 ,68 ,120 ,184 ,323 ,506 ,801 ,834 ,790 ,596 ,402 ,183 ,58 ,8 ,0 ,651 ,66 
104,食道（上皮内がん含む）,C15 D001,女,2018,5125 ,0 ,0 ,0 ,0 ,1 ,0 ,4 ,23 ,63 ,148 ,248 ,344 ,516 ,740 ,835 ,815 ,664 ,447 ,215 ,58 ,4 ,0 ,724 ,62 
104,食道（上皮内がん含む）,C15 D001,女,2019,5263 ,0 ,0 ,0 ,0 ,0 ,2 ,7 ,28 ,56 ,157 ,220 ,382 ,502 ,771 ,871 ,896 ,676 ,419 ,214 ,58 ,4 ,0 ,695 ,62 
104,食道（上皮内がん含む）,C15 D001,女,2020,4955 ,0 ,0 ,0 ,1 ,1 ,1 ,7 ,13 ,59 ,132 ,247 ,358 ,468 ,668 ,855 ,820 ,597 ,437 ,219 ,63 ,9 ,0 ,728 ,72 
106,結腸（上皮内がん含む）,C18 D010,総数,2016,136468 ,0 ,0 ,6 ,20 ,51 ,115 ,300 ,843 ,1969 ,3228 ,5022 ,7549 ,13013 ,22510 ,21750 ,22316 ,18976 ,11978 ,5267 ,1343 ,211 ,1 ,18799 ,1554 
106,結腸（上皮内がん含む）,C18 D010,総数,2017,132303 ,1 ,3 ,5 ,18 ,43 ,110 ,304 ,808 ,1845 ,3114 ,4874 ,7092 ,11585 ,21204 ,21255 ,22246 ,18785 ,11970 ,5517 ,1349 ,175 ,0 ,19011 ,1524 
106,結腸（上皮内がん含む）,C18 D010,総数,2018,131487 ,2 ,4 ,13 ,21 ,43 ,85 ,292 ,751 ,1740 ,3063 ,4768 ,7125 ,10651 ,19468 ,22345 ,22528 ,18897 ,12404 ,5614 ,1501 ,170 ,2 ,19689 ,1671 
106,結腸（上皮内がん含む）,C18 D010,総数,2019,134735 ,0 ,2 ,9 ,16 ,39 ,115 ,281 ,836 ,1741 ,3270 ,4995 ,7343 ,10755 ,18448 ,23772 ,23404 ,19205 ,12657 ,6081 ,1573 ,193 ,0 ,20504 ,1766 
106,結腸（上皮内がん含む）,C18 D010,総数,2020,126202 ,2 ,0 ,10 ,11 ,56 ,105 ,275 ,739 ,1541 ,3055 ,4769 ,7000 ,9544 ,15548 ,23029 ,21737 ,18183 ,12724 ,5978 ,1691 ,205 ,0 ,20598 ,1896 
106,結腸（上皮内がん含む）,C18 D010,男,2016,76032 ,0 ,0 ,3 ,9 ,29 ,60 ,153 ,434 ,1025 ,1767 ,2843 ,4522 ,8131 ,14088 ,13234 ,12802 ,9822 ,5140 ,1645 ,294 ,30 ,1 ,7109 ,324 
106,結腸（上皮内がん含む）,C18 D010,男,2017,73874 ,1 ,2 ,2 ,8 ,19 ,61 ,159 ,378 ,985 ,1807 ,2779 ,4252 ,7343 ,13374 ,12959 ,12861 ,9727 ,5122 ,1742 ,276 ,17 ,0 ,7157 ,293 
106,結腸（上皮内がん含む）,C18 D010,男,2018,73523 ,0 ,1 ,7 ,11 ,23 ,39 ,166 ,415 ,955 ,1693 ,2697 ,4311 ,6733 ,12211 ,13735 ,13032 ,9931 ,5411 ,1814 ,306 ,30 ,2 ,7561 ,336 
106,結腸（上皮内がん含む）,C18 D010,男,2019,74999 ,0 ,0 ,6 ,12 ,19 ,61 ,144 ,427 ,905 ,1807 ,2854 ,4468 ,6790 ,11519 ,14545 ,13537 ,10027 ,5526 ,1980 ,340 ,32 ,0 ,7878 ,372 
106,結腸（上皮内がん含む）,C18 D010,男,2020,69599 ,1 ,0 ,4 ,6 ,25 ,51 ,137 ,371 ,802 ,1681 ,2747 ,4308 ,5947 ,9767 ,14124 ,12404 ,9462 ,5459 ,1898 ,372 ,33 ,0 ,7762 ,405 
106,結腸（上皮内がん含む）,C18 D010,女,2016,60434 ,0 ,0 ,3 ,11 ,22 ,55 ,147 ,409 ,944 ,1461 ,2179 ,3027 ,4882 ,8421 ,8516 ,9514 ,9153 ,6838 ,3622 ,1049 ,181 ,0 ,11690 ,1230 
106,結腸（上皮内がん含む）,C18 D010,女,2017,58427 ,0 ,1 ,3 ,10 ,24 ,49 ,145 ,430 ,860 ,1307 ,2095 ,2840 ,4242 ,7830 ,8296 ,9384 ,9058 ,6847 ,3775 ,1073 ,158 ,0 ,11853 ,1231 
106,結腸（上皮内がん含む）,C18 D010,女,2018,57964 ,2 ,3 ,6 ,10 ,20 ,46 ,126 ,336 ,785 ,1370 ,2071 ,2814 ,3918 ,7257 ,8610 ,9496 ,8966 ,6993 ,3800 ,1195 ,140 ,0 ,12128 ,1335 
106,結腸（上皮内がん含む）,C18 D010,女,2019,59736 ,0 ,2 ,3 ,4 ,20 ,54 ,137 ,409 ,836 ,1463 ,2141 ,2875 ,3965 ,6929 ,9227 ,9867 ,9178 ,7131 ,4101 ,1233 ,161 ,0 ,12626 ,1394 
106,結腸（上皮内がん含む）,C18 D010,女,2020,56603 ,1 ,0 ,6 ,5 ,31 ,54 ,138 ,368 ,739 ,1374 ,2022 ,2692 ,3597 ,5781 ,8905 ,9333 ,8721 ,7265 ,4080 ,1319 ,172 ,0 ,12836 ,1491 
107,直腸（上皮内がん含む）,C19-C20 D011-D012,総数,2016,64978 ,0 ,0 ,1 ,5 ,23 ,80 ,224 ,645 ,1426 ,2234 ,3487 ,5110 ,7831 ,12327 ,10305 ,8801 ,6799 ,3856 ,1464 ,314 ,43 ,3 ,5677 ,357 
107,直腸（上皮内がん含む）,C19-C20 D011-D012,総数,2017,62885 ,0 ,1 ,0 ,9 ,26 ,88 ,208 ,545 ,1308 ,2307 ,3368 ,4861 ,7204 ,11588 ,10086 ,8954 ,6766 ,3742 ,1447 ,332 ,45 ,0 ,5566 ,377 
107,直腸（上皮内がん含む）,C19-C20 D011-D012,総数,2018,62413 ,0 ,0 ,1 ,7 ,26 ,74 ,232 ,563 ,1256 ,2194 ,3284 ,4719 ,6809 ,10985 ,10616 ,9165 ,6791 ,3767 ,1527 ,356 ,41 ,0 ,5691 ,397 
107,直腸（上皮内がん含む）,C19-C20 D011-D012,総数,2019,64364 ,0 ,0 ,2 ,5 ,34 ,86 ,240 ,610 ,1321 ,2360 ,3601 ,4853 ,6703 ,10529 ,11245 ,9625 ,7045 ,3967 ,1730 ,375 ,33 ,0 ,6105 ,408 
107,直腸（上皮内がん含む）,C19-C20 D011-D012,総数,2020,60096 ,0 ,0 ,2 ,8 ,37 ,83 ,217 ,558 ,1136 ,2198 ,3334 ,4569 ,6116 ,8989 ,11274 ,8982 ,6467 ,4015 ,1672 ,388 ,51 ,0 ,6126 ,439 
107,直腸（上皮内がん含む）,C19-C20 D011-D012,男,2016,41302 ,0 ,0 ,1 ,3 ,10 ,46 ,130 ,372 ,824 ,1352 ,2200 ,3390 ,5384 ,8597 ,6992 ,5582 ,3860 ,1942 ,517 ,86 ,12 ,2 ,2557 ,98 
107,直腸（上皮内がん含む）,C19-C20 D011-D012,男,2017,40456 ,0 ,0 ,0 ,5 ,18 ,49 ,107 ,316 ,767 ,1430 ,2164 ,3236 ,5018 ,8095 ,6928 ,5835 ,3996 ,1839 ,573 ,70 ,10 ,0 ,2492 ,80 
107,直腸（上皮内がん含む）,C19-C20 D011-D012,男,2018,39963 ,0 ,0 ,1 ,5 ,23 ,38 ,139 ,343 ,733 ,1353 ,2049 ,3154 ,4753 ,7703 ,7241 ,5977 ,3943 ,1819 ,599 ,82 ,8 ,0 ,2508 ,90 
107,直腸（上皮内がん含む）,C19-C20 D011-D012,男,2019,41005 ,0 ,0 ,2 ,1 ,23 ,45 ,137 ,365 ,787 ,1405 ,2268 ,3223 ,4600 ,7382 ,7637 ,6251 ,4116 ,2000 ,663 ,94 ,6 ,0 ,2763 ,100 
107,直腸（上皮内がん含む）,C19-C20 D011-D012,男,2020,38039 ,0 ,0 ,1 ,5 ,21 ,49 ,126 ,303 ,661 ,1339 ,2084 ,3031 ,4188 ,6266 ,7725 ,5773 ,3829 ,1916 ,605 ,105 ,12 ,0 ,2638 ,117 
107,直腸（上皮内がん含む）,C19-C20 D011-D012,女,2016,23668 ,0 ,0 ,0 ,2 ,13 ,34 ,94 ,272 ,602 ,881 ,1287 ,1720 ,2447 ,3729 ,3313 ,3216 ,2939 ,1913 ,946 ,228 ,31 ,1 ,3118 ,259 
107,直腸（上皮内がん含む）,C19-C20 D011-D012,女,2017,22426 ,0 ,1 ,0 ,4 ,8 ,39 ,101 ,229 ,541 ,877 ,1204 ,1625 ,2186 ,3493 ,3158 ,3118 ,2770 ,1901 ,874 ,262 ,35 ,0 ,3072 ,297 
107,直腸（上皮内がん含む）,C19-C20 D011-D012,女,2018,22450 ,0 ,0 ,0 ,2 ,3 ,36 ,93 ,220 ,523 ,841 ,1235 ,1565 ,2056 ,3282 ,3375 ,3188 ,2848 ,1948 ,928 ,274 ,33 ,0 ,3183 ,307 
107,直腸（上皮内がん含む）,C19-C20 D011-D012,女,2019,23359 ,0 ,0 ,0 ,4 ,11 ,41 ,103 ,245 ,534 ,955 ,1333 ,1630 ,2103 ,3147 ,3608 ,3374 ,2929 ,1967 ,1067 ,281 ,27 ,0 ,3342 ,308 
107,直腸（上皮内がん含む）,C19-C20 D011-D012,女,2020,22056 ,0 ,0 ,1 ,3 ,16 ,34 ,91 ,255 ,475 ,859 ,1250 ,1538 ,1928 ,2722 ,3549 ,3209 ,2638 ,2099 ,1067 ,283 ,39 ,0 ,3488 ,322 
112,肺（上皮内がん含む）,C33-C34 D021-D022,総数,2016,125806 ,4 ,2 ,3 ,4 ,27 ,46 ,139 ,339 ,874 ,1541 ,2735 ,5138 ,10375 ,21835 ,22497 ,21849 ,19019 ,12777 ,5158 ,1276 ,167 ,1 ,19378 ,1443 
112,肺（上皮内がん含む）,C33-C34 D021-D022,総数,2017,124758 ,1 ,0 ,2 ,8 ,19 ,44 ,124 ,310 ,834 ,1560 ,2704 ,4944 ,9594 ,20795 ,22536 ,22772 ,19237 ,12439 ,5409 ,1246 ,178 ,2 ,19272 ,1424 
112,肺（上皮内がん含む）,C33-C34 D021-D022,総数,2018,125636 ,1 ,1 ,3 ,9 ,13 ,33 ,134 ,340 ,796 ,1629 ,2741 ,4885 ,9151 ,19220 ,24174 ,23457 ,19108 ,12720 ,5682 ,1362 ,175 ,2 ,19939 ,1537 
112,肺（上皮内がん含む）,C33-C34 D021-D022,総数,2019,129562 ,1 ,1 ,0 ,14 ,30 ,52 ,139 ,300 ,759 ,1710 ,2880 ,4866 ,8967 ,17910 ,25877 ,25865 ,19333 ,13079 ,6058 ,1553 ,168 ,0 ,20858 ,1721 
112,肺（上皮内がん含む）,C33-C34 D021-D022,総数,2020,123418 ,1 ,0 ,0 ,10 ,23 ,48 ,125 ,291 ,629 ,1528 ,2669 ,4535 ,8208 ,15732 ,25875 ,24898 ,18516 ,12722 ,5889 ,1545 ,174 ,0 ,20330 ,1719 
112,肺（上皮内がん含む）,C33-C34 D021-D022,男,2016,83941 ,4 ,1 ,3 ,3 ,16 ,18 ,66 ,183 ,468 ,939 ,1694 ,3348 ,7132 ,15116 ,15748 ,15021 ,12743 ,8159 ,2758 ,471 ,50 ,0 ,11438 ,521 
112,肺（上皮内がん含む）,C33-C34 D021-D022,男,2017,83008 ,0 ,0 ,2 ,4 ,11 ,20 ,54 ,147 ,445 ,862 ,1650 ,3186 ,6557 ,14475 ,15713 ,15619 ,12851 ,7951 ,2937 ,469 ,54 ,1 ,11411 ,523 
112,肺（上皮内がん含む）,C33-C34 D021-D022,男,2018,83173 ,0 ,0 ,1 ,5 ,8 ,17 ,64 ,162 ,408 ,921 ,1650 ,3185 ,6197 ,13419 ,16762 ,16141 ,12619 ,8012 ,3035 ,518 ,47 ,2 ,11612 ,565 
112,肺（上皮内がん含む）,C33-C34 D021-D022,男,2019,85535 ,0 ,0 ,0 ,9 ,15 ,27 ,60 ,149 ,410 ,967 ,1709 ,3111 ,6038 ,12482 ,17793 ,17734 ,12825 ,8233 ,3310 ,612 ,51 ,0 ,12206 ,663 
112,肺（上皮内がん含む）,C33-C34 D021-D022,男,2020,82121 ,1 ,0 ,0 ,5 ,7 ,20 ,59 ,148 ,342 ,874 ,1607 ,2933 ,5664 ,10977 ,18115 ,17197 ,12311 ,8003 ,3228 ,589 ,41 ,0 ,11861 ,630 
112,肺（上皮内がん含む）,C33-C34 D021-D022,女,2016,41835 ,0 ,1 ,0 ,1 ,11 ,28 ,73 ,156 ,406 ,602 ,1040 ,1789 ,3240 ,6716 ,6746 ,6821 ,6271 ,4613 ,2398 ,805 ,117 ,1 ,7933 ,922 
112,肺（上皮内がん含む）,C33-C34 D021-D022,女,2017,41750 ,1 ,0 ,0 ,4 ,8 ,24 ,70 ,163 ,389 ,698 ,1054 ,1758 ,3037 ,6320 ,6823 ,7153 ,6386 ,4488 ,2472 ,777 ,124 ,1 ,7861 ,901 
112,肺（上皮内がん含む）,C33-C34 D021-D022,女,2018,42461 ,1 ,1 ,2 ,4 ,5 ,16 ,70 ,178 ,388 ,708 ,1091 ,1700 ,2954 ,5800 ,7412 ,7316 ,6489 ,4707 ,2647 ,844 ,128 ,0 ,8326 ,972 
112,肺（上皮内がん含む）,C33-C34 D021-D022,女,2019,44025 ,1 ,1 ,0 ,5 ,15 ,25 ,79 ,151 ,349 ,743 ,1171 ,1755 ,2929 ,5428 ,8082 ,8131 ,6508 ,4846 ,2748 ,941 ,117 ,0 ,8652 ,1058 
112,肺（上皮内がん含む）,C33-C34 D021-D022,女,2020,41297 ,0 ,0 ,0 ,5 ,16 ,28 ,66 ,143 ,287 ,654 ,1062 ,1602 ,2544 ,4755 ,7760 ,7701 ,6205 ,4719 ,2661 ,956 ,133 ,0 ,8469 ,1089 
113,皮膚（上皮内がん含む）,C43-C44 D030-D049,総数,2016,31168 ,6 ,3 ,13 ,20 ,41 ,90 ,161 ,294 ,465 ,574 ,727 ,1066 ,1671 ,3290 ,3777 ,4630 ,5430 ,4877 ,2804 ,1033 ,196 ,0 ,8910 ,1229 
113,皮膚（上皮内がん含む）,C43-C44 D030-D049,総数,2017,29931 ,6 ,3 ,12 ,14 ,41 ,88 ,154 ,284 ,422 ,634 ,752 ,1004 ,1453 ,2829 ,3468 ,4592 ,5285 ,4799 ,2870 ,1015 ,206 ,0 ,8890 ,1221 
113,皮膚（上皮内がん含む）,C43-C44 D030-D049,総数,2018,30345 ,3 ,6 ,5 ,24 ,31 ,78 ,154 ,223 ,388 ,640 ,708 ,1001 ,1454 ,2684 ,3543 ,4710 ,5408 ,4973 ,2998 ,1128 ,186 ,0 ,9285 ,1314 
113,皮膚（上皮内がん含む）,C43-C44 D030-D049,総数,2019,32143 ,1 ,3 ,8 ,28 ,44 ,72 ,155 ,231 ,417 ,608 ,788 ,1018 ,1511 ,2585 ,4031 ,5239 ,5495 ,5140 ,3366 ,1196 ,207 ,0 ,9909 ,1403 
113,皮膚（上皮内がん含む）,C43-C44 D030-D049,総数,2020,29810 ,4 ,6 ,9 ,16 ,40 ,71 ,133 ,204 ,403 ,607 ,751 ,989 ,1374 ,2278 ,3687 ,4609 ,5111 ,4987 ,3130 ,1208 ,193 ,0 ,9518 ,1401 
113,皮膚（上皮内がん含む）,C43-C44 D030-D049,男,2016,15162 ,3 ,1 ,9 ,6 ,16 ,42 ,73 ,153 ,249 ,277 ,374 ,596 ,913 ,1736 ,2069 ,2518 ,2795 ,2129 ,936 ,242 ,25 ,0 ,3332 ,267 
113,皮膚（上皮内がん含む）,C43-C44 D030-D049,男,2017,14864 ,1 ,2 ,6 ,8 ,21 ,39 ,68 ,139 ,195 ,340 ,375 ,580 ,805 ,1636 ,1918 ,2550 ,2733 ,2202 ,989 ,230 ,27 ,0 ,3448 ,257 
113,皮膚（上皮内がん含む）,C43-C44 D030-D049,男,2018,15241 ,1 ,4 ,3 ,13 ,19 ,39 ,63 ,116 ,216 ,327 ,393 ,569 ,818 ,1464 ,1967 ,2671 ,2905 ,2323 ,1067 ,242 ,21 ,0 ,3653 ,263 
113,皮膚（上皮内がん含む）,C43-C44 D030-D049,男,2019,15821 ,1 ,3 ,4 ,14 ,19 ,27 ,64 ,110 ,211 ,301 ,398 ,556 ,792 ,1425 ,2117 ,2859 ,2962 ,2417 ,1238 ,263 ,40 ,0 ,3958 ,303 
113,皮膚（上皮内がん含む）,C43-C44 D030-D049,男,2020,15081 ,1 ,5 ,5 ,12 ,16 ,30 ,58 ,119 ,199 ,328 ,403 ,518 ,781 ,1249 ,2013 ,2562 ,2799 ,2405 ,1245 ,293 ,40 ,0 ,3983 ,333 
113,皮膚（上皮内がん含む）,C43-C44 D030-D049,女,2016,16006 ,3 ,2 ,4 ,14 ,25 ,48 ,88 ,141 ,216 ,297 ,353 ,470 ,758 ,1554 ,1708 ,2112 ,2635 ,2748 ,1868 ,791 ,171 ,0 ,5578 ,962 
113,皮膚（上皮内がん含む）,C43-C44 D030-D049,女,2017,15067 ,5 ,1 ,6 ,6 ,20 ,49 ,86 ,145 ,227 ,294 ,377 ,424 ,648 ,1193 ,1550 ,2042 ,2552 ,2597 ,1881 ,785 ,179 ,0 ,5442 ,964 
113,皮膚（上皮内がん含む）,C43-C44 D030-D049,女,2018,15104 ,2 ,2 ,2 ,11 ,12 ,39 ,91 ,107 ,172 ,313 ,315 ,432 ,636 ,1220 ,1576 ,2039 ,2503 ,2650 ,1931 ,886 ,165 ,0 ,5632 ,1051 
113,皮膚（上皮内がん含む）,C43-C44 D030-D049,女,2019,16322 ,0 ,0 ,4 ,14 ,25 ,45 ,91 ,121 ,206 ,307 ,390 ,462 ,719 ,1160 ,1914 ,2380 ,2533 ,2723 ,2128 ,933 ,167 ,0 ,5951 ,1100 
113,皮膚（上皮内がん含む）,C43-C44 D030-D049,女,2020,14728 ,3 ,1 ,4 ,4 ,24 ,41 ,75 ,85 ,204 ,279 ,348 ,471 ,593 ,1029 ,1673 ,2047 ,2312 ,2582 ,1885 ,915 ,153 ,0 ,5535 ,1068 
114,乳房（上皮内がん含む）,C50 D05,総数,2016,107630 ,0 ,2 ,0 ,2 ,47 ,310 ,1259 ,3509 ,9149 ,13078 ,10881 ,9886 ,11753 ,14966 ,10915 ,8911 ,6576 ,3928 ,1898 ,479 ,81 ,0 ,6386 ,560 
114,乳房（上皮内がん含む）,C50 D05,総数,2017,104379 ,0 ,0 ,3 ,2 ,60 ,284 ,1112 ,3193 ,8474 ,12920 ,10543 ,9462 ,10790 ,14141 ,10897 ,9099 ,6652 ,4071 ,2049 ,553 ,74 ,0 ,6747 ,627 
114,乳房（上皮内がん含む）,C50 D05,総数,2018,106583 ,0 ,0 ,2 ,6 ,45 ,311 ,1105 ,3032 ,7917 ,12701 ,10861 ,9816 ,10540 ,13798 ,12278 ,9857 ,7191 ,4446 ,2024 ,584 ,69 ,0 ,7123 ,653 
114,乳房（上皮内がん含む）,C50 D05,総数,2019,110728 ,0 ,0 ,2 ,10 ,57 ,280 ,1113 ,2920 ,7796 ,13424 ,11147 ,9976 ,10676 ,13242 ,13506 ,10976 ,7570 ,4916 ,2365 ,665 ,87 ,0 ,8033 ,752 
114,乳房（上皮内がん含む）,C50 D05,総数,2020,103744 ,0 ,0 ,3 ,8 ,57 ,300 ,1064 ,2882 ,7255 ,12402 ,10547 ,9568 ,9886 ,11718 ,13235 ,10124 ,7184 ,4560 ,2229 ,638 ,84 ,0 ,7511 ,722 
114,乳房（上皮内がん含む）,C50 D05,男,2016,717 ,0 ,1 ,0 ,0 ,1 ,3 ,0 ,5 ,17 ,27 ,22 ,45 ,83 ,109 ,106 ,121 ,105 ,57 ,15 ,0 ,0 ,0 ,72 ,0 
114,乳房（上皮内がん含む）,C50 D05,男,2017,704 ,0 ,0 ,0 ,0 ,0 ,1 ,5 ,4 ,15 ,24 ,37 ,48 ,53 ,101 ,113 ,125 ,81 ,65 ,29 ,3 ,0 ,0 ,97 ,3 
114,乳房（上皮内がん含む）,C50 D05,男,2018,724 ,0 ,0 ,0 ,0 ,1 ,5 ,5 ,5 ,10 ,29 ,29 ,46 ,66 ,98 ,123 ,107 ,105 ,64 ,20 ,10 ,1 ,0 ,95 ,11 
114,乳房（上皮内がん含む）,C50 D05,男,2019,748 ,0 ,0 ,0 ,2 ,5 ,0 ,5 ,8 ,22 ,18 ,30 ,46 ,68 ,92 ,105 ,132 ,102 ,73 ,34 ,6 ,0 ,0 ,113 ,6 
114,乳房（上皮内がん含む）,C50 D05,男,2020,687 ,0 ,0 ,0 ,0 ,3 ,1 ,3 ,5 ,17 ,21 ,27 ,36 ,64 ,79 ,132 ,121 ,90 ,58 ,23 ,7 ,0 ,0 ,88 ,7 
114,乳房（上皮内がん含む）,C50 D05,女,2016,106910 ,0 ,1 ,0 ,2 ,46 ,307 ,1259 ,3503 ,9132 ,13051 ,10859 ,9841 ,11670 ,14856 ,10808 ,8790 ,6471 ,3871 ,1883 ,479 ,81 ,0 ,6314 ,560 
114,乳房（上皮内がん含む）,C50 D05,女,2017,103675 ,0 ,0 ,3 ,2 ,60 ,283 ,1107 ,3189 ,8459 ,12896 ,10506 ,9414 ,10737 ,14040 ,10784 ,8974 ,6571 ,4006 ,2020 ,550 ,74 ,0 ,6650 ,624 
114,乳房（上皮内がん含む）,C50 D05,女,2018,105859 ,0 ,0 ,2 ,6 ,44 ,306 ,1100 ,3027 ,7907 ,12672 ,10832 ,9770 ,10474 ,13700 ,12155 ,9750 ,7086 ,4382 ,2004 ,574 ,68 ,0 ,7028 ,642 
114,乳房（上皮内がん含む）,C50 D05,女,2019,109980 ,0 ,0 ,2 ,8 ,52 ,280 ,1108 ,2912 ,7774 ,13406 ,11117 ,9930 ,10608 ,13150 ,13401 ,10844 ,7468 ,4843 ,2331 ,659 ,87 ,0 ,7920 ,746 
114,乳房（上皮内がん含む）,C50 D05,女,2020,103057 ,0 ,0 ,3 ,8 ,54 ,299 ,1061 ,2877 ,7238 ,12381 ,10520 ,9532 ,9822 ,11639 ,13103 ,10003 ,7094 ,4502 ,2206 ,631 ,84 ,0 ,7423 ,715 
116,子宮（上皮内がん含む）,C53-C55 D06,総数,2016,50957 ,0 ,0 ,1 ,20 ,555 ,2456 ,5245 ,6266 ,6699 ,5851 ,4617 ,3952 ,3503 ,3977 ,2525 ,2132 ,1607 ,980 ,432 ,122 ,17 ,0 ,1551 ,139 
116,子宮（上皮内がん含む）,C53-C55 D06,総数,2017,51291 ,0 ,0 ,2 ,25 ,578 ,2536 ,5165 ,6205 ,6673 ,5993 ,4779 ,4025 ,3409 ,3861 ,2650 ,2159 ,1527 ,1040 ,517 ,129 ,18 ,0 ,1704 ,147 
116,子宮（上皮内がん含む）,C53-C55 D06,総数,2018,52346 ,1 ,1 ,0 ,21 ,513 ,2610 ,5137 ,6209 ,6693 ,6476 ,5085 ,4173 ,3407 ,3706 ,2862 ,2182 ,1587 ,1059 ,492 ,110 ,22 ,0 ,1683 ,132 
116,子宮（上皮内がん含む）,C53-C55 D06,総数,2019,53247 ,0 ,0 ,0 ,24 ,422 ,2508 ,4832 ,6223 ,6660 ,6652 ,5374 ,4542 ,3440 ,3539 ,3248 ,2417 ,1633 ,1032 ,548 ,132 ,21 ,0 ,1733 ,153 
116,子宮（上皮内がん含む）,C53-C55 D06,総数,2020,50873 ,0 ,0 ,1 ,26 ,382 ,2441 ,4625 ,5661 ,6249 ,6320 ,5303 ,4410 ,3339 ,3305 ,3229 ,2292 ,1564 ,1088 ,475 ,151 ,12 ,0 ,1726 ,163 
116,子宮（上皮内がん含む）,C53-C55 D06,女,2016,50957 ,0 ,0 ,1 ,20 ,555 ,2456 ,5245 ,6266 ,6699 ,5851 ,4617 ,3952 ,3503 ,3977 ,2525 ,2132 ,1607 ,980 ,432 ,122 ,17 ,0 ,1551 ,139 
116,子宮（上皮内がん含む）,C53-C55 D06,女,2017,51291 ,0 ,0 ,2 ,25 ,578 ,2536 ,5165 ,6205 ,6673 ,5993 ,4779 ,4025 ,3409 ,3861 ,2650 ,2159 ,1527 ,1040 ,517 ,129 ,18 ,0 ,1704 ,147 
116,子宮（上皮内がん含む）,C53-C55 D06,女,2018,52345 ,1 ,1 ,0 ,21 ,513 ,2610 ,5137 ,6209 ,6692 ,6476 ,5085 ,4173 ,3407 ,3706 ,2862 ,2182 ,1587 ,1059 ,492 ,110 ,22 ,0 ,1683 ,132 
116,子宮（上皮内がん含む）,C53-C55 D06,女,2019,53247 ,0 ,0 ,0 ,24 ,422 ,2508 ,4832 ,6223 ,6660 ,6652 ,5374 ,4542 ,3440 ,3539 ,3248 ,2417 ,1633 ,1032 ,548 ,132 ,21 ,0 ,1733 ,153 
116,子宮（上皮内がん含む）,C53-C55 D06,女,2020,50873 ,0 ,0 ,1 ,26 ,382 ,2441 ,4625 ,5661 ,6249 ,6320 ,5303 ,4410 ,3339 ,3305 ,3229 ,2292 ,1564 ,1088 ,475 ,151 ,12 ,0 ,1726 ,163 
117,子宮頸部（上皮内がん含む）,C53 D06,総数,2016,34164 ,0 ,0 ,0 ,19 ,531 ,2398 ,5017 ,5832 ,5789 ,4196 ,2302 ,1578 ,1494 ,1687 ,1083 ,925 ,648 ,415 ,186 ,57 ,7 ,0 ,665 ,64 
117,子宮頸部（上皮内がん含む）,C53 D06,総数,2017,34120 ,0 ,0 ,1 ,25 ,563 ,2482 ,4947 ,5789 ,5727 ,4279 ,2341 ,1669 ,1389 ,1611 ,1042 ,879 ,633 ,443 ,244 ,50 ,6 ,0 ,743 ,56 
117,子宮頸部（上皮内がん含む）,C53 D06,総数,2018,34782 ,1 ,0 ,0 ,18 ,491 ,2528 ,4931 ,5779 ,5754 ,4716 ,2525 ,1659 ,1348 ,1593 ,1205 ,900 ,628 ,443 ,208 ,46 ,9 ,0 ,706 ,55 
117,子宮頸部（上皮内がん含む）,C53 D06,総数,2019,34990 ,0 ,0 ,0 ,19 ,407 ,2436 ,4641 ,5765 ,5756 ,4812 ,2712 ,1798 ,1445 ,1483 ,1365 ,965 ,650 ,449 ,230 ,50 ,7 ,0 ,736 ,57 
117,子宮頸部（上皮内がん含む）,C53 D06,総数,2020,32734 ,0 ,0 ,1 ,24 ,357 ,2376 ,4398 ,5245 ,5387 ,4547 ,2559 ,1713 ,1269 ,1341 ,1240 ,898 ,658 ,441 ,204 ,71 ,5 ,0 ,721 ,76 
117,子宮頸部（上皮内がん含む）,C53 D06,女,2016,34164 ,0 ,0 ,0 ,19 ,531 ,2398 ,5017 ,5832 ,5789 ,4196 ,2302 ,1578 ,1494 ,1687 ,1083 ,925 ,648 ,415 ,186 ,57 ,7 ,0 ,665 ,64 
117,子宮頸部（上皮内がん含む）,C53 D06,女,2017,34120 ,0 ,0 ,1 ,25 ,563 ,2482 ,4947 ,5789 ,5727 ,4279 ,2341 ,1669 ,1389 ,1611 ,1042 ,879 ,633 ,443 ,244 ,50 ,6 ,0 ,743 ,56 
117,子宮頸部（上皮内がん含む）,C53 D06,女,2018,34781 ,1 ,0 ,0 ,18 ,491 ,2528 ,4931 ,5779 ,5753 ,4716 ,2525 ,1659 ,1348 ,1593 ,1205 ,900 ,628 ,443 ,208 ,46 ,9 ,0 ,706 ,55 
117,子宮頸部（上皮内がん含む）,C53 D06,女,2019,34990 ,0 ,0 ,0 ,19 ,407 ,2436 ,4641 ,5765 ,5756 ,4812 ,2712 ,1798 ,1445 ,1483 ,1365 ,965 ,650 ,449 ,230 ,50 ,7 ,0 ,736 ,57 
117,子宮頸部（上皮内がん含む）,C53 D06,女,2020,32734 ,0 ,0 ,1 ,24 ,357 ,2376 ,4398 ,5245 ,5387 ,4547 ,2559 ,1713 ,1269 ,1341 ,1240 ,898 ,658 ,441 ,204 ,71 ,5 ,0 ,721 ,76 
121,膀胱（上皮内がん含む）,C67 D090,総数,2016,42879 ,4 ,2 ,4 ,3 ,18 ,26 ,62 ,125 ,325 ,544 ,973 ,1768 ,3378 ,6669 ,6959 ,7351 ,7145 ,4978 ,2028 ,452 ,65 ,0 ,7523 ,517 
121,膀胱（上皮内がん含む）,C67 D090,総数,2017,42627 ,8 ,1 ,2 ,7 ,18 ,23 ,43 ,102 ,270 ,524 ,923 ,1671 ,3105 ,6599 ,6948 ,7601 ,7113 ,5010 ,2175 ,431 ,52 ,1 ,7668 ,483 
121,膀胱（上皮内がん含む）,C67 D090,総数,2018,43242 ,3 ,0 ,1 ,4 ,17 ,13 ,51 ,90 ,270 ,523 ,899 ,1645 ,3045 ,6151 ,7308 ,7803 ,7220 ,5386 ,2221 ,537 ,55 ,0 ,8199 ,592 
121,膀胱（上皮内がん含む）,C67 D090,総数,2019,44096 ,2 ,1 ,1 ,4 ,12 ,32 ,46 ,96 ,238 ,540 ,925 ,1623 ,2924 ,5568 ,7941 ,8392 ,7278 ,5412 ,2485 ,515 ,61 ,0 ,8473 ,576 
121,膀胱（上皮内がん含む）,C67 D090,総数,2020,43270 ,1 ,0 ,3 ,4 ,5 ,24 ,35 ,93 ,200 ,495 ,850 ,1559 ,2805 ,5033 ,8321 ,8304 ,7058 ,5333 ,2458 ,623 ,66 ,0 ,8480 ,689 
121,膀胱（上皮内がん含む）,C67 D090,男,2016,33587 ,3 ,1 ,3 ,3 ,14 ,21 ,41 ,90 ,243 ,411 ,788 ,1425 ,2824 ,5574 ,5717 ,5864 ,5498 ,3561 ,1268 ,216 ,22 ,0 ,5067 ,238 
121,膀胱（上皮内がん含む）,C67 D090,男,2017,33238 ,6 ,1 ,1 ,6 ,11 ,18 ,33 ,79 ,201 ,415 ,723 ,1356 ,2574 ,5505 ,5692 ,6125 ,5407 ,3514 ,1329 ,224 ,17 ,1 ,5084 ,241 
121,膀胱（上皮内がん含む）,C67 D090,男,2018,33841 ,2 ,0 ,1 ,3 ,14 ,8 ,30 ,65 ,206 ,396 ,729 ,1321 ,2541 ,5114 ,6018 ,6255 ,5608 ,3868 ,1386 ,255 ,21 ,0 ,5530 ,276 
121,膀胱（上皮内がん含む）,C67 D090,男,2019,34330 ,2 ,0 ,1 ,4 ,8 ,22 ,31 ,71 ,164 ,414 ,725 ,1322 ,2385 ,4607 ,6501 ,6725 ,5615 ,3885 ,1567 ,253 ,28 ,0 ,5733 ,281 
121,膀胱（上皮内がん含む）,C67 D090,男,2020,33795 ,1 ,0 ,2 ,4 ,2 ,15 ,25 ,66 ,139 ,373 ,664 ,1253 ,2295 ,4136 ,6893 ,6678 ,5470 ,3873 ,1563 ,316 ,27 ,0 ,5779 ,343 
121,膀胱（上皮内がん含む）,C67 D090,女,2016,9292 ,1 ,1 ,1 ,0 ,4 ,5 ,21 ,35 ,82 ,133 ,185 ,343 ,554 ,1095 ,1242 ,1487 ,1647 ,1417 ,760 ,236 ,43 ,0 ,2456 ,279 
121,膀胱（上皮内がん含む）,C67 D090,女,2017,9389 ,2 ,0 ,1 ,1 ,7 ,5 ,10 ,23 ,69 ,109 ,200 ,315 ,531 ,1094 ,1256 ,1476 ,1706 ,1496 ,846 ,207 ,35 ,0 ,2584 ,242 
121,膀胱（上皮内がん含む）,C67 D090,女,2018,9401 ,1 ,0 ,0 ,1 ,3 ,5 ,21 ,25 ,64 ,127 ,170 ,324 ,504 ,1037 ,1290 ,1548 ,1612 ,1518 ,835 ,282 ,34 ,0 ,2669 ,316 
121,膀胱（上皮内がん含む）,C67 D090,女,2019,9766 ,0 ,1 ,0 ,0 ,4 ,10 ,15 ,25 ,74 ,126 ,200 ,301 ,539 ,961 ,1440 ,1667 ,1663 ,1527 ,918 ,262 ,33 ,0 ,2740 ,295 
121,膀胱（上皮内がん含む）,C67 D090,女,2020,9475 ,0 ,0 ,1 ,0 ,3 ,9 ,10 ,27 ,61 ,122 ,186 ,306 ,510 ,897 ,1428 ,1626 ,1588 ,1460 ,895 ,307 ,39 ,0 ,2701 ,346 
167,大腸（上皮内がん含む）,C18-C20 D010-D012,総数,2016,201446 ,0 ,0 ,7 ,25 ,74 ,195 ,524 ,1488 ,3395 ,5462 ,8509 ,12659 ,20844 ,34837 ,32055 ,31117 ,25775 ,15834 ,6731 ,1657 ,254 ,4 ,24476 ,1911 
167,大腸（上皮内がん含む）,C18-C20 D010-D012,総数,2017,195188 ,1 ,4 ,5 ,27 ,69 ,198 ,512 ,1353 ,3153 ,5421 ,8242 ,11953 ,18789 ,32792 ,31341 ,31200 ,25551 ,15712 ,6964 ,1681 ,220 ,0 ,24577 ,1901 
167,大腸（上皮内がん含む）,C18-C20 D010-D012,総数,2018,193900 ,2 ,4 ,14 ,28 ,69 ,159 ,524 ,1314 ,2996 ,5257 ,8052 ,11844 ,17460 ,30453 ,32961 ,31693 ,25688 ,16171 ,7141 ,1857 ,211 ,2 ,25380 ,2068 
167,大腸（上皮内がん含む）,C18-C20 D010-D012,総数,2019,199099 ,0 ,2 ,11 ,21 ,73 ,201 ,521 ,1446 ,3062 ,5630 ,8596 ,12196 ,17458 ,28977 ,35017 ,33029 ,26250 ,16624 ,7811 ,1948 ,226 ,0 ,26609 ,2174 
167,大腸（上皮内がん含む）,C18-C20 D010-D012,総数,2020,186298 ,2 ,0 ,12 ,19 ,93 ,188 ,492 ,1297 ,2677 ,5253 ,8103 ,11569 ,15660 ,24537 ,34303 ,30719 ,24650 ,16739 ,7650 ,2079 ,256 ,0 ,26724 ,2335 
167,大腸（上皮内がん含む）,C18-C20 D010-D012,男,2016,117334 ,0 ,0 ,4 ,12 ,39 ,106 ,283 ,806 ,1849 ,3119 ,5043 ,7912 ,13515 ,22685 ,20226 ,18384 ,13682 ,7082 ,2162 ,380 ,42 ,3 ,9666 ,422 
167,大腸（上皮内がん含む）,C18-C20 D010-D012,男,2017,114330 ,1 ,2 ,2 ,13 ,37 ,110 ,266 ,694 ,1752 ,3237 ,4943 ,7488 ,12361 ,21469 ,19887 ,18696 ,13723 ,6961 ,2315 ,346 ,27 ,0 ,9649 ,373 
167,大腸（上皮内がん含む）,C18-C20 D010-D012,男,2018,113486 ,0 ,1 ,8 ,16 ,46 ,77 ,305 ,758 ,1688 ,3046 ,4746 ,7465 ,11486 ,19914 ,20976 ,19009 ,13874 ,7230 ,2413 ,388 ,38 ,2 ,10069 ,426 
167,大腸（上皮内がん含む）,C18-C20 D010-D012,男,2019,116004 ,0 ,0 ,8 ,13 ,42 ,106 ,281 ,792 ,1692 ,3212 ,5122 ,7691 ,11390 ,18901 ,22182 ,19788 ,14143 ,7526 ,2643 ,434 ,38 ,0 ,10641 ,472 
167,大腸（上皮内がん含む）,C18-C20 D010-D012,男,2020,107638 ,1 ,0 ,5 ,11 ,46 ,100 ,263 ,674 ,1463 ,3020 ,4831 ,7339 ,10135 ,16033 ,21849 ,18177 ,13291 ,7375 ,2503 ,477 ,45 ,0 ,10400 ,522 
167,大腸（上皮内がん含む）,C18-C20 D010-D012,女,2016,84102 ,0 ,0 ,3 ,13 ,35 ,89 ,241 ,681 ,1546 ,2342 ,3466 ,4747 ,7329 ,12150 ,11829 ,12730 ,12092 ,8751 ,4568 ,1277 ,212 ,1 ,14808 ,1489 
167,大腸（上皮内がん含む）,C18-C20 D010-D012,女,2017,80853 ,0 ,2 ,3 ,14 ,32 ,88 ,246 ,659 ,1401 ,2184 ,3299 ,4465 ,6428 ,11323 ,11454 ,12502 ,11828 ,8748 ,4649 ,1335 ,193 ,0 ,14925 ,1528 
167,大腸（上皮内がん含む）,C18-C20 D010-D012,女,2018,80414 ,2 ,3 ,6 ,12 ,23 ,82 ,219 ,556 ,1308 ,2211 ,3306 ,4379 ,5974 ,10539 ,11985 ,12684 ,11814 ,8941 ,4728 ,1469 ,173 ,0 ,15311 ,1642 
167,大腸（上皮内がん含む）,C18-C20 D010-D012,女,2019,83095 ,0 ,2 ,3 ,8 ,31 ,95 ,240 ,654 ,1370 ,2418 ,3474 ,4505 ,6068 ,10076 ,12835 ,13241 ,12107 ,9098 ,5168 ,1514 ,188 ,0 ,15968 ,1702 
167,大腸（上皮内がん含む）,C18-C20 D010-D012,女,2020,78659 ,1 ,0 ,7 ,8 ,47 ,88 ,229 ,623 ,1214 ,2233 ,3272 ,4230 ,5525 ,8503 ,12454 ,12542 ,11359 ,9364 ,5147 ,1602 ,211 ,0 ,16324 ,1813 
